,0,1,2,3,4
0,Kathryn Ruiz,female,MG,937792032,17
1,Christina Tullar,female,RO,317202866,39
2,Susan Conley,female,AL,450224481,35
3,Emily Schrader,female,GO,399790555,43
4,Scott Gallagher,male,PB,922180394,38
5,Gregory Franks,male,RR,169399831,37
6,Kristine Kaplan,female,RR,528726669,53
7,Mary Lahey,female,RN,360349779,31
8,Marcia Eberly,female,MA,113042959,22
9,Laura Branch,female,RS,354742700,30
10,Dianne Creswell,female,PB,117544278,24
11,Karen Ritter,female,SC,605003407,36
12,Caroline Lanza,female,PB,932719492,20
13,Maude Owens,female,MA,391741792,22
14,Emilio Wofford,male,RR,728635478,23
15,Gloria Frix,female,RN,335456034,25
16,Ruth Snead,female,PR,503165672,32
17,Leticia Perotti,female,AL,484056223,31
18,Carol Meek,female,GO,578730242,40
19,Lucile Tiffany,female,DF,591082420,45
20,Mary Pliml,female,PA,144239876,16
21,Stephen Todd,male,AL,409338756,45
22,Janet Griffin,female,AL,962786461,39
23,Lanny Moeller,male,MG,855173950,36
24,Barbara Smith,female,SE,270840049,23
25,Fredrick Jacquemin,male,SC,504876588,47
26,Robert Collins,male,SC,097028643,21
27,William Beamon,male,SE,769007657,53
28,Shawn Murray,male,SE,651520792,36
29,Andrew Beveridge,male,PB,008047312,34
30,Paul Vazquez,male,PI,837640287,39
31,Nadine Ashford,female,RN,135805474,23
32,Bernice Smith,female,CE,513791717,41
33,Debra Newkirk,female,RN,380646475,28
34,Robert Hall,male,AM,781640541,52
35,Jerry Gibbs,male,BA,468925509,20
36,Donna Blackwell,female,RN,763651641,54
37,Carlos Frazier,male,AP,602278962,37
38,Kirk Dietz,male,PB,562415916,50
39,Linda Carrion,female,BA,653338139,19
40,Osvaldo Meadows,male,SE,696489480,29
41,Kimberley Mccaw,female,MA,679053398,54
42,Betty Call,female,CE,769853129,17
43,Stephen Lillian,male,ES,042381533,31
44,Michelle Cilenti,female,MA,287314074,49
45,Richard Gillespie,male,RO,092342997,47
46,Linda Light,female,TO,886912267,48
47,Sandra Tandy,female,PB,697808924,28
48,Hazel Miyamoto,female,PR,556926373,46
49,Thomas Garrow,male,PE,714845215,37
50,Denise Cordova,female,AC,004657099,32
51,Jorge Baines,male,MG,418517646,50
52,Anita Poole,female,BA,548732397,50
53,Ethel Young,female,PB,436420582,43
54,Vickie Pischke,female,GO,374333267,22
55,Barbara Ponce,female,AP,556976313,54
56,Kristen Miller,female,SC,917337070,24
57,Harold Bratton,male,DF,389535094,41
58,Stella Hatcher,female,RR,714613717,36
59,Diana Gunther,female,BA,898705791,18
60,Modesto Castaneda,male,PR,371164776,33
61,Walter Hughes,male,RO,672137491,20
62,Lisa Price,female,AL,132744931,50
63,Tracy Gonzales,male,RR,400200359,46
64,Debra Cowett,female,MA,947310678,40
65,Leigh Hall,female,RS,845465948,21
66,Norma Quintana,female,AC,794250095,17
67,Chris Phillips,male,RR,759656254,32
68,Betty Rasmussen,female,PR,058333806,40
69,Joseph Hunter,male,GO,899586638,46
70,Jackie Cha,male,AC,161365388,29
71,Debbie Bradfield,female,AM,649917621,41
72,Vicki Pierce,female,SC,608658520,40
73,Kathleen Gonzales,female,ES,654422296,20
74,Stephen Weber,male,DF,124454794,24
75,Laura Pickens,female,AC,419482761,42
76,Mattie Tutt,female,AM,938433504,25
77,Eddie Werts,male,AL,432408997,27
78,Brian Colon,male,PB,262604730,16
79,Lester Dumas,male,CE,289683204,19
80,Paula Snyder,female,AP,146210638,50
81,Sarah Parsons,female,AL,836426910,18
82,Norman Brito,male,AL,003077241,41
83,Linda Cargle,female,GO,644475900,17
84,Emmaline Baldwin,female,RR,988250450,18
85,Nelson Sanborn,male,MA,568557090,18
86,Helen Avery,female,MG,158667110,44
87,Floyd Outman,male,RO,809518070,16
88,Leonel Thompson,male,RR,302237331,21
89,Anthony Masters,male,PA,178020214,18
90,Judith Galletti,female,PB,441419911,26
91,Karyn Sheffield,female,RO,102556790,23
92,Michael Norris,male,RJ,729777969,50
93,Lester Hansen,male,RO,454046489,38
94,Julie Mancini,female,RO,291144505,35
95,Gloria Cantrell,female,RO,691922411,24
96,Keith Hassell,male,MG,967747846,28
97,Vivian Fowler,female,SP,640961652,39
98,Zachary Mueller,male,ES,892187277,35
99,Timothy Curtiss,male,RO,917995212,27
100,Robert King,male,DF,984264327,23
101,Sheri Parsons,female,AC,783041957,19
102,Brenda Bustos,female,SP,893868999,22
103,Kurtis Prewitt,male,BA,508097492,40
104,Neal Schrader,male,PA,104933177,38
105,Alan Coughlin,male,MA,434940460,17
106,Dennis Sanchez,male,PE,284728917,34
107,Sherril Arata,female,RR,916505536,35
108,Henrietta Savory,female,AL,950739802,30
109,Joseph Golden,male,DF,717908027,38
110,Simon Nostrand,male,SE,048978492,49
111,Albert Maselli,male,GO,407629319,47
112,Natalie Vela,female,SE,810381667,18
113,Justin Rose,male,PE,690083795,24
114,Sara Evanich,female,RR,069435241,35
115,Eula Glover,female,MA,191902836,32
116,James Ball,male,RR,939127097,23
117,Greg Waterbury,male,GO,578093339,53
118,Marjorie Hawes,female,SE,579866892,23
119,Mamie Eaton,female,GO,627243519,20
120,Troy Lane,male,PE,433305760,33
121,Kara Penny,female,ES,261777915,37
122,Nancy Johnson,female,SC,636686471,20
123,Ina Hibbs,female,RO,529180632,53
124,Daniel Ritchie,male,AC,656157528,16
125,Peggy Montes,female,MS,370547277,35
126,Mary Sylvia,female,RJ,771703172,45
127,Deandrea Smalley,female,BA,126539162,53
128,Debra Strange,female,RR,347693939,50
129,James Sandoval,male,SC,160103471,27
130,Jeffrey Vu,male,BA,379701709,26
131,Brittany Coppock,female,TO,598479095,18
132,Linda Majors,female,AP,340863391,32
133,Marisa Thompson,female,ES,976413278,38
134,Joseph Myers,male,MS,352731725,18
135,John Bunce,male,PB,064579571,49
136,Aaron Galvez,male,MA,652929321,18
137,Florence Franklin,female,PR,669272843,31
138,Obdulia Gross,female,MA,034263683,22
139,Tamara Gunter,female,DF,406942485,49
140,Earl Goldsberry,male,CE,086906449,22
141,Christina Luster,female,SP,126949567,48
142,Magen Rangel,female,ES,865644792,25
143,Danielle Aviles,female,PA,294628064,25
144,Robert Powell,male,GO,025917896,30
145,Joel Arnold,male,PE,431273854,32
146,Jennifer Wenger,female,MT,220428120,25
147,Tammy Welling,female,RN,818364548,50
148,Sarah Toth,female,AP,725167764,16
149,Robert Gray,male,DF,630787065,50
150,Gene Albanese,male,PR,735895494,26
151,Richard Sykes,male,PE,752219629,33
152,Harriet Biasi,female,SE,156778414,28
153,Sam Ordonez,male,AM,362198011,40
154,Kenneth Varner,male,TO,422614102,30
155,Oswaldo Cleveland,male,MA,757478923,50
156,Tommy Gardner,male,ES,065687761,17
157,Connie Hewitt,female,RS,622603726,34
158,Bonnie Barnes,female,DF,297860309,42
159,Darrell Boivin,male,SC,490441912,45
160,Lucy Neel,female,GO,632550168,40
161,Brandon Olea,male,SP,634784423,51
162,Maggie Delacruz,female,PR,752842499,35
163,Dale Miller,male,CE,130129846,24
164,George Dowell,male,TO,658762491,16
165,Joseph Aslanian,male,RN,394698959,47
166,Lydia Ruocco,female,BA,179442745,21
167,William Gloden,male,RJ,514525319,28
168,Margaret Phillips,female,RR,140002451,25
169,James Mullins,male,TO,255138131,48
170,Marion Clarke,female,TO,723145284,22
171,Jaime Lacaze,female,RJ,341942439,25
172,Christy Sierra,female,PR,400319569,29
173,Jefferson Boulware,male,ES,663975745,30
174,William Shockey,male,MG,720555159,18
175,Gerald Sisco,male,MT,392374280,27
176,Billy Bruce,male,TO,331508698,23
177,Gary Hudson,male,AP,848870242,29
178,Allison Keith,female,PB,847401562,44
179,Regina Elder,female,RO,784700223,23
180,William Kiser,male,ES,422164962,38
181,Tressa Crosby,female,PB,737861252,20
182,Linda Boyd,female,AC,322185073,54
183,Carolyn Reid,female,ES,624808944,35
184,Anthony Carmody,male,ES,572974752,31
185,Margaret Humphrey,female,MS,573315103,50
186,Richard Booker,male,AL,709773270,29
187,Rory Taylor,male,ES,162423116,24
188,Deangelo Roberts,male,AC,507155195,21
189,Ashley Malone,female,RN,605179411,28
190,Matthew Martin,male,AM,702585545,18
191,Andrew Abernathy,male,AC,823583500,17
192,Alan Vogelpohl,male,MS,016411508,36
193,Miss Mak,female,BA,484506299,38
194,Kenneth Zent,male,AP,592260270,49
195,Wayne Donahoe,male,BA,024787284,51
196,Johnny Johnson,male,RO,420656364,21
197,Dorinda Correa,female,BA,940913747,53
198,Crystal Hocking,female,SE,902732472,48
199,Michael Cornman,male,SE,787143059,37
200,Barbara Lively,female,RO,099235235,30
201,Russell Harris,male,RS,310336528,39
202,Jerry Salcedo,male,PB,524580791,17
203,Kevin Perry,male,RN,067520249,35
204,Laurie Knudtson,female,GO,673678686,33
205,Jennifer Zuniga,female,PA,015623455,38
206,Eduardo Alaniz,male,SE,334141643,42
207,Jonathan Hudson,male,SP,490628990,20
208,Michelle Durie,female,SE,096171238,29
209,Hannah Autery,female,AM,110546988,48
210,Judith Vega,female,RR,655434272,47
211,Amy Goff,female,AP,588418918,20
212,Frank Oakes,male,SE,254787482,47
213,Claire Renshaw,female,RJ,550156811,16
214,Donald Bradley,male,RR,195970010,32
215,Roy Graves,male,MS,995700630,50
216,Steve Rocha,male,BA,624758713,29
217,Sarah Watkins,female,SC,696740934,24
218,Mary Elliott,female,RS,930039497,28
219,Jimmy Peppers,male,RO,504602932,23
220,Jorge Bock,male,RO,035944965,42
221,Debra Olsen,female,CE,051569035,33
222,Michael Herman,male,MG,796669863,20
223,Jill Daigle,female,ES,853663257,47
224,Amanda Kubie,female,SC,009693164,16
225,Mauricio Bulter,male,RN,942465134,54
226,Derrick Williams,male,MT,205488517,27
227,David Arkenberg,male,DF,646737806,48
228,Linda Bennett,female,SE,150814745,51
229,George Rudolph,male,PE,964036592,38
230,Amanda Goff,female,PI,114979113,17
231,Paula Lindsey,female,PE,088963008,28
232,Manuel Wilson,male,SC,098296313,37
233,John Cardenas,male,MG,140758964,48
234,Gerald Liesmann,male,SP,425766750,47
235,Maggie Morrissette,female,RS,814506220,36
236,Arthur Ballesteros,male,PB,136553044,39
237,Jay Jasper,male,RO,659043546,38
238,Julie Johnson,female,ES,018527910,47
239,Carrie Lopez,female,SP,453271510,37
240,Robyn Simpson,female,PE,568004978,31
241,Stephen Pierce,male,RJ,922346777,39
242,Leo Vance,male,PB,402495817,34
243,Robert Robichaux,male,AL,044028108,51
244,Gerald Mclean,male,PB,756465725,24
245,Jennifer Tso,female,SE,927497019,52
246,Carol Taylor,female,DF,427398975,53
247,Rod Mahon,male,PB,352213945,51
248,Alice Peterson,female,PA,853995377,22
249,Quiana Oneil,female,MT,456304965,37
250,Rosanne Gaunce,female,CE,733521014,44
251,Glenna Herzog,female,AP,783121596,49
252,Jerry Floyd,male,ES,465789513,31
253,Myrtle Thomas,female,AC,459614341,40
254,Perry Riddle,male,BA,871729094,34
255,Jerry Chapman,male,AP,359992233,23
256,Christina Reed,female,GO,833742627,27
257,Carla Turley,female,MT,041632533,38
258,Sarah Bruce,female,SP,968430516,22
259,Jeffery Smith,male,PE,481362568,43
260,Marylou Davis,female,SP,350181600,54
261,Marshall Sneed,male,CE,780350995,41
262,Mary Williams,female,AP,970748960,26
263,Marcella Stringer,female,AP,277288847,27
264,Kenneth Vandiford,male,PA,394301116,20
265,Jo Donnelly,female,PA,874757407,48
266,Barbara Bowker,female,RN,718402482,26
267,Harold Rodrigue,male,MS,540923534,26
268,James Anderson,male,PB,813031089,30
269,Arthur Moriarty,male,AP,339977267,23
270,Robert Mcdonald,male,RJ,129889015,45
271,Joe Colvin,male,ES,762874320,17
272,Cynthia West,female,AC,652801888,47
273,Frank Dicus,male,SP,052678000,30
274,Lisa Simonton,female,AP,251267223,32
275,Jane Sims,female,PR,167107879,20
276,Howard Howard,male,PI,486004287,21
277,Olivia Napoleon,female,PB,901458805,18
278,Shane Carney,male,MA,561806147,33
279,Reyes Woods,male,DF,422838375,54
280,Lucretia Thompson,female,TO,051990761,40
281,Alexis Becker,female,MG,557444898,17
282,Lorraine Keegan,female,PB,856802067,45
283,Yolanda Muniz,female,ES,239420039,45
284,Rodger Lawrence,male,AL,760685588,20
285,Franklin Rosario,male,AP,367301774,30
286,Kristin Adu,female,SC,943425118,30
287,William Davis,male,MT,116457221,28
288,Roy Cardenas,male,ES,687188675,32
289,Zachary Geppert,male,AL,118695036,45
290,Latoya Villasenor,female,CE,188711001,47
291,Clarence Slawson,male,AC,509026096,50
292,Robert Ferguson,male,DF,180826039,53
293,Vince Windle,male,AL,385515560,39
294,Shane Kaltz,male,MT,414211672,50
295,Julia Tardy,female,DF,750043140,20
296,Michael Bush,male,RN,452947395,46
297,Lorie Long,female,MG,536041253,21
298,Lucille Griffin,female,AP,676074855,27
299,Thomas Hall,male,RR,926601079,38
300,Anna Theriot,female,MG,741538138,16
301,Francina Gallegos,female,BA,831162762,26
302,Virginia Jauregui,female,RR,795541947,30
303,Leonard Kang,male,RS,709936796,46
304,Margaret Hartman,female,ES,798727810,19
305,Ruth Upham,female,MA,790560798,33
306,Janet Mcdonald,female,PA,045683324,54
307,Christine May,female,RJ,700989162,31
308,Alice Holton,female,PA,597102198,50
309,Sidney Cholico,male,ES,964040044,24
310,Andre Happenny,male,DF,793413869,53
311,Anna Davis,female,MA,553344955,37
312,Tina Austin,female,PB,736492274,41
313,Dorothy Carroll,female,RR,412960146,27
314,Tracey Himes,female,MA,279772141,17
315,Beverly Shelton,female,MT,799452851,16
316,Lucille Lee,female,AL,577780155,49
317,Justin Newman,male,SC,318255517,19
318,Agnes Berardi,female,RO,749204418,30
319,Gina Wilson,female,AM,703306979,48
320,Kindra Cox,female,PE,488612653,39
321,Jewel Baker,female,MT,647526886,35
322,Michael Howard,male,RS,955094299,50
323,John Wheeler,male,AC,409354144,50
324,David Stubbs,male,ES,878859322,17
325,William Williams,male,PE,014734851,38
326,Carl Acoff,male,SP,314333175,29
327,Al Jackson,male,RS,252928644,28
328,Glenn Sprague,male,AC,572971017,18
329,Nicholas Gunter,male,PE,700351505,19
330,Kenneth Levine,male,MS,742221802,35
331,Harold Spade,male,RJ,472967066,51
332,Glenn Weakley,male,MA,464381153,27
333,William Urda,male,PE,688717236,41
334,Erin Montgomery,male,BA,320743200,52
335,Melanie Juba,female,RO,564896812,23
336,Edward Mannings,male,CE,463652331,45
337,Annie Askew,female,MA,438432316,33
338,Esther Mcdonald,female,ES,298355105,47
339,Cristina Oliver,female,RO,713805516,48
340,Gilberto Flynn,male,AM,423472282,41
341,Aubrey White,female,BA,085614028,33
342,Willis Pink,male,PE,461899077,35
343,Kristy Martin,female,SC,332260262,35
344,Margaret Jones,female,RN,578158662,29
345,Larry Johnston,male,RJ,132535491,28
346,Christina Behanna,female,GO,287922243,36
347,Boris Chavez,male,RS,105624038,26
348,Jonathan Kawamura,male,DF,688760815,25
349,John Clenney,male,GO,422208800,29
350,Joesph Garcia,male,MA,902260327,51
351,Christopher Simmons,male,AP,994515180,53
352,William Denny,male,AM,699912227,52
353,Edelmira Salazar,female,AC,205557374,48
354,John Doyle,male,AL,990034187,52
355,Eric Quasdorf,male,RS,923126505,31
356,Jackie Howlin,male,CE,166465766,38
357,William Childress,male,RJ,347231863,18
358,Leonard Caballero,male,AM,310950714,21
359,Melva Smith,female,MA,657360531,40
360,Charity Mitchell,female,MS,426965103,23
361,John Lopez,male,RN,741903495,20
362,Eva Libengood,female,GO,318192459,29
363,Arletta Mazzaferro,female,MG,784988517,51
364,Arthur Castanon,male,RN,177731215,27
365,Magdalen Bona,female,AL,718257509,53
366,Kevin Williams,male,PI,467368613,39
367,Kisha Heller,female,AM,124366754,53
368,Sara Young,female,RN,205272769,27
369,Lan Baker,female,AC,298216972,23
370,Pam Smith,female,MG,667720434,25
371,Demetrius Coronado,male,PR,413332700,28
372,Kevin Stearns,male,DF,376249431,16
373,Amy Dicarlo,female,RJ,400220554,28
374,William Bond,male,SC,045576058,36
375,Edward Dowdy,male,AM,900830462,49
376,Kenneth Barrett,male,PE,457424857,32
377,Susan Costello,female,AL,008245641,23
378,Ronald Ellis,male,CE,968287231,22
379,Tanya Frisby,female,ES,028083575,50
380,Travis Miller,male,CE,881205874,26
381,Lelia Edward,female,PE,295910195,51
382,Jeff Saucier,male,PA,232910259,47
383,Francoise Newhouse,female,CE,349548514,31
384,Pauline Wilde,female,GO,784395999,45
385,Jeannie Nightingale,female,AL,426120889,31
386,Williams Mcmakin,male,AM,018111897,45
387,Treva Wahlstrom,female,MA,269415652,47
388,Blanche Revilla,female,RN,369327377,21
389,Michael Lofton,male,RN,041778305,52
390,Michael Holt,male,RR,879583719,22
391,Bruce Nickerson,male,AM,142676907,38
392,Mary Martin,female,CE,382533511,18
393,Charles Kelley,male,SE,259834574,32
394,Marian Cross,female,RS,051062497,24
395,Bridget Wymer,female,TO,789833257,41
396,Joseph Lee,male,PE,941317511,45
397,David Hardee,male,PA,133015423,22
398,Elizabeth Peterson,female,SP,655078414,18
399,Frances Kowalski,female,RR,199002325,33
400,Allan Hutchings,male,MA,573100786,46
401,Connie Shay,female,AL,825962287,50
402,Arlene Arsenault,female,MT,946509363,20
403,John Trimble,male,BA,994687182,28
404,Alfred Youngman,male,MS,942449799,21
405,Betty Vil,female,MA,511860184,17
406,Scott Maslow,male,AC,601987532,42
407,Martin Metzger,male,RS,789267485,47
408,Deidre Davis,female,BA,531509133,19
409,Maria Carpenter,female,GO,150438932,49
410,Lorene Hurley,female,SP,787486000,29
411,Sally Ceniceros,female,PA,530138564,35
412,Robert Good,male,RS,868159308,49
413,Kenneth Hoard,male,ES,847298176,54
414,Albert Marquez,male,AM,651562656,16
415,Evelyn Clement,female,AL,827081242,25
416,Larry Patterson,male,SP,745306512,17
417,Jean Turcotte,female,CE,793664247,23
418,Paul Donaldson,male,PI,947445816,42
419,Norma Williams,female,RO,424928829,41
420,Nancy Swindler,female,MS,381910767,25
421,Theresa Johnson,female,PB,579381658,34
422,Franklin Stewart,male,MS,680429148,39
423,Theodore Hanks,male,RS,213850062,51
424,Erica Lewis,female,ES,060360931,42
425,Frank Carter,male,RR,830965303,27
426,Samira Cardello,female,RR,392955070,22
427,Jesse Cambell,male,DF,371025341,39
428,Marvin Turner,male,PE,962535611,28
429,Deborah Laux,female,ES,522886663,30
430,David Olson,male,RN,301187277,47
431,Ronald Coleman,male,MA,551126448,50
432,Shelley Grimaldi,female,RS,929354827,29
433,Julie Kahola,female,RS,059976650,36
434,James Booth,male,DF,793019799,19
435,Martha Phillips,female,RJ,950187693,22
436,Debra Gillham,female,RS,014300095,46
437,Anne Holder,female,BA,925322736,44
438,Gail Curry,female,SP,041916929,18
439,Gayle Bruce,female,SC,163374100,39
440,Wesley Asbury,male,PB,181349880,30
441,Emiko Solano,female,MA,354770846,52
442,Jane Mattocks,female,MG,554806615,29
443,Kaye Vig,female,SC,210329590,37
444,Kevin Brown,male,AM,512185190,26
445,Diana Taus,female,PI,188194643,54
446,Alice Perrone,female,PR,114170313,39
447,Hannah Riggs,female,RO,852790547,41
448,Kevin Ross,male,RJ,412914519,24
449,Santos Groves,female,MA,627802266,47
450,Ross George,male,AM,851146880,29
451,Austin Jageman,male,RO,703034831,51
452,Bernice Williams,female,MA,558403257,25
453,Angela Moore,female,RJ,322566482,34
454,William Weaver,male,PA,807716302,18
455,Gayle Uber,female,RO,690435110,39
456,Willie Hester,female,RN,176141173,51
457,David Tucker,male,RS,782022243,20
458,Mauricio Bossey,male,MT,773731700,48
459,Melvin Burgoyne,male,CE,274955267,18
460,Verona Webb,female,RO,197100067,25
461,Jackie Jemison,female,PI,071736306,17
462,Tamara Vargas,female,BA,985713080,22
463,Alexis Lynch,male,MG,676951098,27
464,Amelia Lyerly,female,SC,168869441,26
465,Billy Newton,male,RO,213973202,34
466,Yvette Baskett,female,PE,801913842,52
467,Ruth Coy,female,AL,603507841,45
468,Edith Parkinson,female,CE,028338270,16
469,Mary Batres,female,SC,352248737,16
470,Angel Nease,female,ES,684656405,19
471,Barbara Campos,female,MT,570697239,39
472,Victor Breeden,male,TO,125894457,16
473,Carl Cooks,male,SP,374829230,50
474,David Fitzgerald,male,AC,981097456,40
475,Charles Lorusso,male,PI,882584789,44
476,John Campanile,male,RR,926336635,54
477,Annie Bouldin,female,PI,456626817,53
478,Paul Obrien,male,TO,562971593,19
479,Nell Bowles,female,PA,831833494,48
480,Darrell Sander,male,PR,406574196,38
481,Linda Seidl,female,PA,617148597,45
482,David Shanahan,male,PB,955556465,29
483,Albert Peterson,male,RJ,868386371,49
484,Troy Higgins,male,MT,008887780,41
485,Richard Landers,male,AM,532523929,23
486,Kathryn Evans,female,BA,713253422,43
487,Deborah Stockbridge,female,RN,659385136,43
488,John Cartwright,male,BA,087279560,24
489,Justin Alzate,male,ES,471286715,49
490,James Miller,male,PB,370088129,37
491,Tanya Schofield,female,RO,051093505,33
492,John Childress,male,TO,855070019,19
493,Donald Dixon,male,RR,324303038,41
494,Victor Simon,male,SP,435090017,34
495,Jon Einhorn,male,RJ,305930089,44
496,Billie Sales,female,PI,934056143,26
497,Lorna Musumeci,female,PE,176717253,37
498,Anne Austin,female,TO,678501524,48
499,Andrew Gonzalez,male,MG,828055415,33
500,Frieda Coulter,female,MA,087561523,30
501,Charles Eldridge,male,PB,631535634,30
502,Brandon Noyes,male,PR,868587818,39
503,Danielle Latimer,female,MS,886179248,23
504,Jerome Boerger,male,PE,520772995,48
505,William Corbisiero,male,MA,017987189,22
506,Douglas Cohen,male,PR,436333806,42
507,Edith Kappel,female,AL,563412128,40
508,Betty Williams,female,MS,305877557,40
509,John Adams,male,PE,717946140,48
510,Adrian Kendrick,male,SP,972115477,50
511,Thelma Thomas,female,SE,217696349,54
512,Katrina Johnson,female,AP,757785861,45
513,Megan Price,female,SC,572384691,47
514,Sarah Summer,female,RR,595766623,31
515,Walter Edwards,male,MA,011571903,36
516,Magdalena Oconnell,female,PA,031883363,21
517,Esther Colpitts,female,TO,682097556,51
518,Krista Peterson,female,SP,942071754,19
519,Kimberly Wilson,female,DF,391171443,46
520,Vickie Struebing,female,RJ,411608066,51
521,Carmen Wells,female,RN,513897528,47
522,Christopher Garcia,male,CE,093256086,35
523,Chris Dukes,male,ES,829059362,16
524,Howard Bills,male,SC,723634259,48
525,Evelyn Decker,female,RS,593002114,41
526,Belinda Hansen,female,RJ,516858319,45
527,Mary Durnin,female,RO,006844974,26
528,Nina Henrick,female,PB,931489594,32
529,Theodore Baerga,male,DF,208900558,22
530,Starla Heimann,female,RO,891961198,24
531,Kevin Luckner,male,SP,470913894,27
532,Louann Baumgarter,female,PB,054782161,26
533,Dorothy Moore,female,MS,078662803,19
534,Kristin Girard,female,MA,392316892,31
535,Cora Fuentes,female,SE,142504998,20
536,Bernard Burns,male,RS,374221617,28
537,Kim Kidd,female,MS,626711512,43
538,Mary Wilkerson,female,AP,595829438,36
539,Billie Mcclendon,female,PI,020023513,25
540,Michael Dimartino,male,AL,633569005,39
541,Margaret White,female,RS,022349079,27
542,Leona Owens,female,MA,479354579,42
543,Brian Hanna,male,RJ,953887568,23
544,Anthony Ceballos,male,AL,778297569,18
545,Ericka Harris,female,MS,082289648,19
546,Eli Anderson,male,MS,584354218,22
547,Albert Glenn,male,AL,293906560,27
548,Elliott Bruno,male,TO,992485482,43
549,Ray Collinson,male,GO,266350506,48
550,Steven Higgins,male,MA,399956443,31
551,Al Oberlin,male,MT,128823368,22
552,Juan Vian,male,RR,978906683,44
553,Siobhan Erickson,female,SC,104639839,47
554,Frederick Shock,male,PB,899278263,49
555,William Hostetler,male,AM,817556003,28
556,Darrell Matt,male,PB,824960171,18
557,Michael Davis,male,CE,818863801,35
558,Lois Thon,female,RJ,834872438,19
559,Luke Groomes,male,PI,665499359,35
560,Mary Kosse,female,MG,111104318,19
561,Karl Robinson,male,MG,322380930,37
562,Jay Ouellette,male,MG,836367017,33
563,William Thompson,male,TO,029363322,33
564,Michael Turco,male,AM,699814454,35
565,Ivan Whiteford,male,AC,433159649,45
566,Lana Swisher,female,PA,753396821,46
567,Angela Wal,female,ES,512807038,18
568,Kellie Anderson,female,MS,107666808,25
569,David Middleton,male,RR,093095824,35
570,Dawn Charron,female,MA,951962081,22
571,Lillian Walker,female,PR,186507292,49
572,Jason Carmichael,male,RN,939533012,21
573,Christina Greenwood,female,PA,603574062,19
574,Michelle Mayer,female,BA,359057533,35
575,Joan Norris,female,AL,178656912,21
576,Kenisha Moser,female,RJ,559587275,20
577,Rodney Coutts,male,AC,652393137,38
578,Betty Retchless,female,RJ,194985736,48
579,Elaine Herzog,female,PI,468061889,52
580,Crystal Fugitt,female,GO,896328321,52
581,Lacey Doss,female,MG,869694162,43
582,Daniel Bower,male,SC,694816094,16
583,Michael Bahner,male,PE,521398608,49
584,Pauline Dick,female,MT,301991814,43
585,Cora Przedwiecki,female,SE,694631993,32
586,Gabrielle King,female,PR,291892386,32
587,Sandy Chappell,male,BA,433106522,49
588,Don Brown,male,ES,694066847,19
589,Lila Hensley,female,PB,543504980,22
590,Nancy Brinson,female,PB,389700623,35
591,August Paske,male,RN,368891265,52
592,Matthew Swofford,male,RS,197178197,28
593,Felix Kelly,male,RN,533343779,48
594,Raymond Jenkins,male,PR,780783390,40
595,Gladys Charles,female,PE,862815670,23
596,Mary Heyman,female,PI,916248643,25
597,Jimmy Brown,male,PB,559626626,21
598,Austin Jones,male,RO,961106555,41
599,Daniel Peterson,male,SC,829803885,47
600,Mary West,female,TO,238741872,35
601,Theola Olsen,female,AL,913485435,44
602,Shelton Matthews,male,RN,791762118,54
603,George Dorsey,male,PR,585391132,23
604,Jerry George,male,AP,024329221,35
605,Cari Brown,female,PI,158056127,31
606,Mary Moorman,female,RJ,642222701,35
607,Hershel Pardue,male,SC,306374437,20
608,William Carrillo,male,DF,875106180,41
609,Brent Fortman,male,SC,171244209,27
610,Kelly Johnson,female,AC,072911414,28
611,Emily Howard,female,AP,442323036,50
612,Philip Canada,male,AC,524655004,21
613,Alberta Bartlett,female,AC,201967428,48
614,Terry Moser,male,RO,389064592,51
615,Stephen Debaecke,male,BA,082659611,20
616,Sam Policare,male,PA,288104182,54
617,Timothy Martinez,male,MT,558353411,37
618,Jonathan Petersen,male,DF,754269582,18
619,Gustavo Buran,male,RO,176715310,45
620,Carol Jordan,female,ES,068835128,36
621,Carl Walker,male,PA,969869033,18
622,Heather Baham,female,RN,176309837,17
623,Christie Henderson,female,AL,860386312,38
624,Holly Osborn,female,GO,224983699,43
625,Lucy Cavanaugh,female,SE,706138867,29
626,Virginia Phillips,female,RS,091939554,54
627,Michael Bertolino,male,RO,597284742,52
628,Nora Smith,female,AC,247905714,51
629,Kristy Williams,female,AM,208617439,23
630,Herbert Birch,male,AM,649320508,44
631,Samantha Dickey,female,MG,061510051,43
632,Glennie Greer,female,AC,790454747,47
633,Stephanie Hill,female,RN,600968249,20
634,Natasha Castanon,female,DF,998514725,26
635,Julie Roby,female,DF,584940767,34
636,Brian Mulkey,male,SC,899916033,22
637,Norman Thomas,male,AL,419501713,47
638,Hazel Doonan,female,SP,549544714,36
639,Lawrence Walker,male,MG,243865915,38
640,Janice Moh,female,PA,462261826,46
641,Louise Maier,female,MA,101623857,52
642,Frances Hall,female,MT,331275642,37
643,Nicholas Coffman,male,RS,011889009,26
644,Tracie Wilhelm,female,RO,277589653,51
645,Pearle Lachley,female,AM,898167775,51
646,Jerry Pena,male,MG,928801847,18
647,Benjamin Prado,male,AC,692816354,43
648,Glen Demetro,male,AL,744441871,16
649,Wendy Herren,female,PB,154708358,44
650,Joe Miller,male,RO,531718622,54
651,Wayne Howard,male,PI,709413448,40
652,Betty Mccage,female,MS,172437564,23
653,Andrea Outlaw,female,RN,589398864,20
654,Courtney Perez,female,PB,793027203,53
655,Patrick Pockrus,male,RO,023312653,37
656,Dorothy Cochran,female,PA,689963368,28
657,Kristina Gaskin,female,RN,285909299,49
658,Lee Riddick,male,MT,880126998,29
659,Charles Ketchum,male,PI,984912245,24
660,Elizabeth Miller,female,RR,205175884,39
661,Jeffery Nash,male,SE,726634871,50
662,Harriet Lawrence,female,AM,976631212,36
663,Jack Levy,male,AC,439873578,37
664,Dale Alston,male,AM,548878821,28
665,James Madison,male,CE,256765286,27
666,Nick Cox,male,MT,690314945,31
667,Hope Lewis,female,PR,186051278,46
668,George Johnson,male,RN,955944135,33
669,Shirley Sharp,female,ES,450132688,17
670,Kim Butler,male,SC,209541076,24
671,Charles Faris,male,RO,042225051,34
672,Eric Street,male,MS,268436265,18
673,Gerald Reynolds,male,MS,935075038,20
674,Kyle Dixon,male,AC,017854399,37
675,Lenard Elliott,male,AC,748357408,16
676,Steven Beard,male,RJ,349711074,37
677,James Busch,male,TO,081396874,37
678,Ralph Verdin,male,RJ,257283269,16
679,Joseph Milner,male,RJ,984344320,26
680,Sandra Barth,female,PE,315896840,48
681,Brenda Starling,female,MT,590042915,28
682,Kathleen Burns,female,PR,003764401,22
683,David Johnson,male,RJ,253788714,22
684,Frank Pearce,male,PR,853940792,22
685,Nina Painter,female,AM,782453963,43
686,Steven Brewster,male,MG,119695325,29
687,Sally Oakes,female,RR,081898111,16
688,April Knower,female,PI,611007909,44
689,Laurie Grimmett,female,MA,734175203,22
690,Edwin Saunders,male,TO,802497081,52
691,Dorothy Swanson,female,AP,624069120,51
692,Rafael Pereira,male,MA,704131524,50
693,Rachael Howell,female,MS,735953700,43
694,Mark Balkus,male,MT,205097998,47
695,Ann Nelson,female,PE,280268034,16
696,Doug Riggle,male,TO,663950633,28
697,Jane Abron,female,RN,021917807,46
698,Cindy Vaughan,female,PE,557479078,32
699,Leif Nelson,male,CE,875092613,32
700,Michael Delagarza,male,SC,932070701,42
701,Eunice Fisher,female,MT,937892048,48
702,Sarah Rodney,female,PE,001047674,45
703,Linda Proctor,female,MS,508783875,33
704,Maria Jones,female,RR,226370322,34
705,Robert Fuller,male,SP,769630080,28
706,Patrick Bobo,male,RN,272800813,26
707,Richard Walker,male,ES,224391258,24
708,Christopher Wasilewski,male,TO,852967151,18
709,Mathew Byrne,male,MG,777072163,37
710,Tammy Olivares,female,SP,286474556,31
711,Harold Black,male,AP,423395561,25
712,Tiffany Munos,female,RO,131034952,36
713,Martha Lesser,female,CE,685897562,49
714,Eric Palmer,male,PB,060464155,46
715,Anne Lin,female,AP,752076649,53
716,Dennis Scerra,male,AL,636388565,54
717,Michele Taylor,female,BA,727297055,23
718,Desiree Hanna,female,GO,074579719,39
719,Anthony Decker,male,AC,823280923,18
720,Erik Baylock,male,AP,236762620,32
721,Sandra Marquez,female,MG,982058582,25
722,Patricia Jackson,female,BA,601068565,21
723,Henry Jones,male,CE,662161804,28
724,Moses Watkins,male,DF,322799571,18
725,Thomas Metge,male,PB,301952723,51
726,Dennis Overbey,male,AC,507681399,26
727,John Suzuki,male,CE,267091662,20
728,Leon Snyder,male,AL,432721416,54
729,Donald Wiseman,male,AP,961751152,29
730,Charles Allen,male,RN,194881744,40
731,Esther Maleski,female,RO,030040215,35
732,Karen Myers,female,MS,069142898,18
733,Jose Nath,male,AM,563534603,54
734,Adolfo Haun,male,AC,488880505,52
735,Jerry Laird,male,PB,653206444,42
736,Annie Maldonado,female,PR,143404788,54
737,Don Osborne,male,PB,701476771,53
738,Jeff Hansen,male,MG,831773154,52
739,Anthony Powers,male,MS,695783436,43
740,Susan Covarrubias,female,ES,135426513,24
741,Devin Blake,male,PE,234988680,23
742,Sheryl Williams,female,SC,805955719,22
743,Caroline Mcnally,female,SP,495999809,51
744,Patrick Lingo,male,RN,766790750,29
745,Terri Jones,female,SP,614350966,31
746,Eugene Arnold,male,AP,906319826,32
747,Henry Spencer,male,PA,928306522,43
748,Sam Swamp,male,SC,188425402,46
749,Rosita Mcdowell,female,AL,130032282,51
750,Robert Cavender,male,PA,954796360,20
751,Frank Wilke,male,PA,195172055,51
752,Priscilla Leon,female,CE,175943381,54
753,Tasha Oconnor,female,PA,324865975,21
754,Patsy Alejandro,female,RN,895797728,41
755,Ann Brown,female,DF,228550047,33
756,Rick Brown,male,PR,222586953,29
757,Jenna Larve,female,TO,208941116,26
758,Amelia Holt,female,AP,629498554,30
759,Wanda Horne,female,AC,222172129,50
760,Irene Lavette,female,PB,354872433,47
761,Johnnie Taylor,male,PA,172544320,52
762,Arthur Schultz,male,RN,416811627,19
763,Kelly Williams,female,PI,805042763,20
764,Michael Narain,male,RN,265873426,25
765,Judith Jacobson,female,TO,953513763,48
766,Emilia Spears,female,SE,844394825,27
767,Mildred Thompson,female,GO,672731971,16
768,Anita Carter,female,AM,603659727,20
769,Matthew Broadnax,male,AP,422953671,35
770,Raymond March,male,RJ,604829616,27
771,Evangeline Reed,female,SC,452285471,32
772,Carla Chavis,female,AL,115908435,54
773,Willie Marx,female,AL,500273112,40
774,Jessica Anderson,female,AM,747560372,37
775,Stephen Carson,male,SP,851463707,50
776,Ashley Mcclarty,female,MG,286374669,31
777,James Flanagan,male,PE,371470195,29
778,James Smith,male,SE,598164941,53
779,Angelina Collins,female,RR,572884839,37
780,Jonathan Reed,male,PE,287948069,44
781,Robin Moran,female,GO,799792395,43
782,Gerald Moore,male,SP,735739349,37
783,Rachael Sumpter,female,BA,002677627,31
784,Terry Johnson,female,SP,312177142,32
785,Edward Asbill,male,PB,376312154,39
786,Molly Valencia,female,RJ,965490912,30
787,Michelle Scott,female,RN,144075331,53
788,Albert Harris,male,PR,296045115,33
789,Barbara Schmidt,female,AM,729292293,30
790,Cynthia Jackson,female,ES,183461941,17
791,Malik Varner,male,RO,148197888,24
792,Eloisa Bachman,female,SP,867786412,44
793,Whitney Wyatt,female,CE,103936031,25
794,Scott Wilkinson,male,SC,077181136,39
795,Gertrude Bayles,female,AM,810057687,27
796,Palma Smith,female,DF,521398803,23
797,Allen Cunningham,male,RJ,945617681,40
798,Gary Ritter,male,MG,164110122,17
799,Lachelle Rowe,female,RJ,072225124,46
800,Robert Ruhlin,male,AM,810919405,41
801,Thomas Hancock,male,PR,900929545,38
802,Brian Bossert,male,MS,157163944,35
803,Thomas Colten,male,MS,735475589,48
804,David Smith,male,PB,434691387,19
805,Thomas Gregory,male,PA,245926208,26
806,Dominique Murray,female,PE,112103310,24
807,Lane Canez,male,ES,141769730,50
808,John Martin,male,PI,299906412,49
809,Leonard Powers,male,AM,230033233,46
810,Ernesto Neider,male,BA,893704453,24
811,Shane Baez,male,SC,296535244,45
812,Matthew Caroll,male,PA,983802076,47
813,Keith Salzmann,male,RJ,912658492,21
814,Melanie Wagers,female,DF,490358130,23
815,John Toler,male,GO,264851788,23
816,Jason Houghtelling,male,TO,158458442,28
817,Jeremy Brown,male,AL,445698608,18
818,Mary Cochran,female,CE,588543664,23
819,Sharon Smith,female,SC,238597950,20
820,Conrad Bond,male,RJ,300722206,17
821,Gregory Graham,male,AP,085353499,40
822,Mark Jones,male,RJ,773532320,36
823,Kimberly Whitfield,female,RR,502455370,32
824,Charles Smith,male,BA,249432575,29
825,Carolina Cadena,female,RO,638405337,48
826,Pamela Brooks,female,BA,468522716,18
827,Nigel Carpenter,male,PB,023413511,25
828,Marie Moore,female,AP,623967875,26
829,Paul Ruesga,male,RR,037964913,23
830,Clara Lawrence,female,PR,575741753,24
831,Marshall Collins,male,RO,115334550,18
832,Patricia Witte,female,ES,501907980,33
833,John Leverette,male,AM,839833585,41
834,Emogene Murph,female,BA,892375999,44
835,Aileen Woods,female,SE,758532981,27
836,Mathew Mena,male,AC,002651545,37
837,Beverly Zayicek,female,PB,946528786,41
838,Sam Flores,male,RS,885338688,54
839,Lacey Bridges,female,MA,520386623,41
840,William Glesener,male,CE,614465610,21
841,Deborah Clark,female,PI,359490077,28
842,Rita Olivo,female,RS,612001261,50
843,Hayley Anderson,female,RS,658955314,17
844,Carol Powell,female,GO,484648014,53
845,Alice Jenkins,female,GO,216159304,26
846,Walter Clifton,male,PB,601149680,42
847,Christine Jordan,female,PB,934455662,41
848,Thomas Smith,male,PE,732601314,53
849,Loan Freed,female,AC,964232941,32
850,Lauren Sinclair,female,DF,780457531,35
851,Anthony King,male,SP,769089318,18
852,Michael Mason,male,MT,331837520,42
853,Samuel Parker,male,SC,269885876,48
854,Claudio Cipkowski,male,PB,767132251,29
855,Clara Rivera,female,GO,694418501,23
856,Herbert Tripp,male,AM,133741524,31
857,Violet Cordoua,female,PI,972943302,31
858,Mae Lieberman,female,PB,874708106,26
859,Diane Richard,female,PB,039357118,19
860,Nikole Wagner,female,MS,711275448,26
861,Nancy Hoosier,female,RS,275474141,52
862,Thomas Palacios,male,MA,158470220,33
863,Randal Brown,male,SE,276930893,45
864,William Hines,male,CE,045094456,43
865,Lauren Candelario,female,DF,576290342,24
866,Eric Fancher,male,BA,594530905,32
867,James Carothers,male,AC,611013573,45
868,Carlton Ortiz,male,AC,743384206,27
869,Dorothy Kilpatrick,female,CE,791627899,52
870,Frank Fenwick,male,RO,286774557,19
871,Luis Callicutt,male,SE,032686175,44
872,Autumn Cormier,female,SP,811665019,36
873,David Villarreal,male,SC,515703981,18
874,Nancy Pelchat,female,TO,982875513,19
875,Ellen Casey,female,CE,320647147,28
876,James King,male,MG,445549851,34
877,George Patrick,male,SE,399359034,31
878,Angelina Arreola,female,RR,113339637,46
879,Nicholas Louis,male,CE,007956240,20
880,Joshua Decicco,male,RR,188358738,31
881,Val Dodd,male,RS,460398707,28
882,Mae Banvelos,female,MG,234379838,35
883,Phillip Roach,male,SC,935642876,26
884,Scottie Murphy,male,PR,290077992,20
885,Paula Gross,female,RR,268658540,28
886,Joe Bell,male,PB,299740480,25
887,Allison Weathersby,female,MT,580930357,24
888,Harry Baza,male,RS,776510410,40
889,Ralph Estrello,male,AM,556949413,45
890,Connie Baker,female,AP,355118807,38
891,Michael Too,male,MG,094337565,21
892,Jill Prado,female,BA,577238149,37
893,Jennifer Rice,female,MS,498556905,32
894,Diane Garcia,female,SC,459286586,52
895,Rhea Fortenberry,female,GO,983334520,34
896,Valerie Sharp,female,DF,975762576,44
897,Josephine Mitchel,female,MT,227210561,30
898,Melissa Peterson,female,PA,250721264,25
899,Michelle Frazier,female,MS,479011861,21
900,Byron Vanvliet,male,RO,405365760,28
901,Laura Lawrence,female,AL,048667459,26
902,Lidia Crasco,female,DF,717632553,36
903,Evelyn Swenson,female,SP,656255189,32
904,Laurie Monson,female,AM,357169327,30
905,Kevin Stanfield,male,TO,028866923,25
906,June Adams,female,MT,409000966,29
907,Molly Bunch,female,GO,802437797,28
908,Lore Wright,female,BA,275732930,24
909,Thomas Kizer,male,PE,465114861,40
910,Jami Lewis,female,RJ,439810116,31
911,Beth Sokoloski,female,AM,500544962,35
912,Ivy Rothfuss,female,MS,213629772,52
913,Kimberly Verduzco,female,RR,748615533,30
914,Teresa Martinez,female,RO,373776452,23
915,Bradley Crane,male,TO,759632483,47
916,Katherine Helbert,female,GO,114977271,17
917,Larry Winters,male,PB,444177081,47
918,Marty Austin,female,AP,780108945,17
919,Kenneth Rhoads,male,ES,613479490,19
920,Amy Tekautz,female,RJ,606455254,34
921,Mary Krantz,female,MA,361132959,21
922,David Moser,male,DF,687826571,17
923,Amy Johnson,female,PB,454788575,36
924,Carol Connors,female,DF,561954651,41
925,John Haith,male,AL,144518899,52
926,Kenneth Pacheco,male,DF,349277942,44
927,Peter Carbo,male,TO,442233931,18
928,Hazel Chavez,female,TO,350708865,53
929,Becky Case,female,DF,876531510,33
930,Randy Cravens,male,PB,378567364,38
931,Annemarie Jondle,female,PE,415182203,16
932,Jose Ferguson,male,RN,883026317,18
933,Harold Wynn,male,DF,839979571,21
934,Donald Kassab,male,MS,410144655,36
935,Vinnie Couch,female,CE,433168585,51
936,Walter Angle,male,RN,066411183,29
937,Michael Hedgespeth,male,AL,793272898,26
938,Jeremy Piles,male,AP,106790143,52
939,Amy Allen,female,MA,884957442,20
940,Terrence Scott,male,SE,983221883,53
941,Thomas Raymond,male,MS,532306589,23
942,Christopher Heberling,male,PI,293531318,47
943,Jennie Brown,female,AC,729035391,35
944,Paul Kimble,male,PR,858378177,29
945,Mary Brown,female,CE,383866133,24
946,Amanda Benner,female,SE,597712874,23
947,Lindsey Correira,female,AC,847231914,40
948,Edward Matlock,male,GO,361032681,27
949,David Thomas,male,PA,973571067,43
950,Raul Logan,male,SP,430362964,50
951,Jody Skinner,male,PR,132482540,19
952,Anna Papay,female,ES,000270166,24
953,Gerard Cox,male,AL,154964131,22
954,Steve Williams,male,PI,062880470,40
955,Steven Rawlins,male,AL,674006667,37
956,Connie Thorngren,female,AL,947433119,25
957,Charles Marrufo,male,MT,489598656,48
958,Myrtle Keller,female,TO,685878589,49
959,Tracy Hernandez,female,BA,389403581,32
960,Dwayne Newberry,male,RO,072300677,53
961,William Biggs,male,TO,527934003,31
962,William Stomberg,male,PB,853131086,33
963,Barbara Harris,female,GO,281672356,20
964,Mary Omura,female,SP,907660507,35
965,Patrick Folse,male,RR,891589184,38
966,Helen Sanders,female,RS,356288949,51
967,Kathryn Shams,female,AC,152976080,40
968,Steven Krauss,male,DF,025685631,47
969,Jessie Williams,male,AC,464084319,35
970,Laurie Lamb,female,RO,603781741,50
971,Bobbi Russell,female,AP,582710696,30
972,Dulce Kragt,female,AM,271682873,33
973,Clinton Packwood,male,ES,823496130,24
974,Sherri Brightharp,female,ES,023021563,37
975,Clinton Sanders,male,GO,171017296,24
976,Herbert Ashley,male,PA,706672214,19
977,John Eckert,male,AM,059084721,34
978,Robert Marcus,male,PA,212723158,37
979,Guy Whaley,male,MT,017469849,26
980,Kevin Dow,male,RN,900231842,32
981,Robert Gonzalez,male,GO,964339135,41
982,Micheal Franco,male,AP,101498810,33
983,Bradly Coaxum,male,RS,964934258,35
984,Juliette Horio,female,MT,340870401,22
985,Arturo Larsen,male,PR,845595472,31
986,Misty Mader,female,MA,574969216,16
987,Charles Turner,male,GO,402340110,32
988,Doris Napier,female,CE,795613239,27
989,Richard Mann,male,RS,061434245,34
990,James Charles,male,RJ,852704151,34
991,Stephanie Estevez,female,AM,075249845,42
992,Debra Bush,female,RO,316041381,48
993,Carmen Gordon,female,SE,679021260,25
994,Shirley Collins,female,RJ,491771605,54
995,Eric Abramowski,male,BA,268734097,45
996,Ed Hood,male,MT,710005722,34
997,Tiffany Browning,female,PB,711860871,50
998,John London,male,RN,557617304,50
999,Dora Mullins,female,PE,701742027,51
1000,Emmy Pelland,female,RO,836202727,44
1001,Carl Varney,male,SC,791266469,19
1002,Phillip Dardar,male,CE,202463519,39
1003,John Keys,male,MT,343608769,22
1004,Amy Hersh,female,MT,757663369,43
1005,Julia Nichols,female,RO,073783859,16
1006,Irene Robbins,female,BA,987415486,31
1007,Gregory Porter,male,GO,228516151,30
1008,Frankie Guy,female,MA,628416101,39
1009,Donna Mitchell,female,RO,637444863,48
1010,Betty Mata,female,MA,039181738,30
1011,Antonio Whitton,male,AP,621850890,31
1012,Irena Tacker,female,DF,505293373,23
1013,Diana Hollenbeck,female,MA,191261724,27
1014,Brian Feinstein,male,RJ,686010862,41
1015,Richard Hamilton,male,BA,053520312,40
1016,Kerry Wackman,female,ES,428037907,39
1017,Elizabeth Lacombe,female,GO,142725165,26
1018,Christina Dean,female,DF,771038223,20
1019,Carolyn Gaulke,female,AP,525416591,32
1020,Bill Sanders,male,AL,403672737,32
1021,Tony Pace,male,AM,416165960,16
1022,Cora Jenkins,female,SE,443802893,35
1023,Kathleen Smallidge,female,TO,049483423,42
1024,Jessica Smith,female,RO,049124968,40
1025,Jeffrey Machuca,male,SE,002181116,47
1026,Elisa Mcgraw,female,PA,170913567,54
1027,Dominique Burton,male,AC,117057603,31
1028,Ismael Duval,male,PR,608750803,49
1029,Aaron Bliss,male,MT,550443977,48
1030,Eileen Plumlee,female,SC,042153152,45
1031,Rebecca Jones,female,AP,908361876,53
1032,Cassandra Buck,female,DF,581845179,22
1033,Florence Merritt,female,AL,812083334,28
1034,Annice Robinson,female,MG,326700300,43
1035,Joshua Jackson,male,CE,029966066,24
1036,Tameka Clark,female,AP,170962469,43
1037,William Dove,male,RS,350511818,44
1038,Hong Segraves,male,MT,070406910,19
1039,Diane Endres,female,SP,403402526,33
1040,Scott Charan,male,MG,271464183,43
1041,Joy Bailey,female,RR,074719897,31
1042,Michael Gomez,male,SE,089054216,54
1043,Vickie Rowley,female,BA,267857932,47
1044,Ben Schlagel,male,BA,255610875,35
1045,Kevin Williams,male,MG,295083646,27
1046,Cedrick Lingenfelter,male,AM,192215759,37
1047,Jamie Hammond,female,PI,545328952,22
1048,Eunice Brown,female,MT,400490359,46
1049,Gale Gaines,female,SP,179816448,17
1050,David York,male,MA,629905245,42
1051,Cecil Barnes,male,PR,313189252,31
1052,Donna Melancon,female,PB,711894735,48
1053,Anderson Carlton,male,PE,164028704,25
1054,Susanne Phipps,female,RJ,150641655,26
1055,Phillip Pelletier,male,RO,093749215,53
1056,Margaret Yeah,female,BA,382382622,43
1057,Rodney Klar,male,SP,678097625,54
1058,Leann Mcdowell,female,MT,932353361,53
1059,Raymond Betts,male,PA,154027126,17
1060,Elfreda Mullins,female,MS,932901977,43
1061,Mary Marsden,female,SC,205980956,25
1062,Brad Hargreaves,male,PB,351498464,22
1063,Benjamin Pettiway,male,MA,361301848,41
1064,Meta Lord,female,AL,372708704,21
1065,Grace Grunder,female,PR,923834673,16
1066,Morgan Amsterdam,male,AP,315660698,23
1067,Linda Schafer,female,AL,484097578,38
1068,Ronald Zwiebel,male,AM,039550255,35
1069,Clifford Pointer,male,PI,710218001,20
1070,Elvira Yoes,female,PB,881648142,30
1071,Jerome Caudill,male,MT,668481889,27
1072,Kathleen Watson,female,AL,351942955,24
1073,Charlotte Samons,female,GO,855365129,44
1074,Emma Nowell,female,ES,477733350,52
1075,Shirley Ross,female,AL,736206742,53
1076,Miguelina Skorupa,female,CE,865630247,30
1077,Keith Brooks,male,PI,280352669,30
1078,Michael Newton,male,RN,636527391,44
1079,Johnny Bird,male,MS,372440975,20
1080,Sara Taylor,female,RS,271963502,17
1081,Dana Wesley,male,AL,086832854,30
1082,Travis Mcvey,male,PI,155564964,38
1083,Melody Woolbright,female,SP,276687743,51
1084,Dale Gumm,male,RR,184201541,49
1085,Pamela Jenson,female,SP,794147030,49
1086,Ethel Pickett,female,RN,129614763,27
1087,Larry Jackson,male,DF,638595715,39
1088,Larry March,male,MS,295271115,20
1089,Marvin Young,male,GO,613984801,25
1090,Mike Martis,male,MA,339076071,42
1091,Martin Louis,male,PR,132081087,41
1092,Rosemary Cole,female,RS,769738122,18
1093,Candi Johnson,female,SP,693982234,37
1094,Donald Stimpert,male,RN,092362370,36
1095,Catherine Moore,female,RN,981879897,23
1096,Linda Rich,female,AM,964795165,20
1097,Peter Trevino,male,PE,961512447,28
1098,Jarvis Canevari,male,AP,930456191,39
1099,Pat Arias,male,PI,872497348,17
1100,Angel Whaley,female,ES,796666246,23
1101,John Eudy,male,DF,256737181,54
1102,Blaine Deloy,male,AP,116095723,51
1103,Camille Brown,female,SC,021429411,41
1104,Michael Rice,male,RO,451783330,21
1105,Lucy Klein,female,MT,303965453,22
1106,Debra Campbell,female,SE,823259336,36
1107,Glenda Turton,female,BA,100617323,46
1108,Susan Lopez,female,BA,689432672,48
1109,Jerry Alkire,male,CE,701980787,48
1110,Brandy Zenisek,female,AL,648903129,31
1111,Sara Cleaves,female,MG,381855878,16
1112,Valerie Walker,female,TO,826942575,21
1113,Anthony Munoz,male,AL,209229811,27
1114,Jessie Cohn,female,PR,813984985,40
1115,Ellen Zeiler,female,CE,774522974,26
1116,Douglas Strasser,male,SC,629400703,41
1117,Susan Glosson,female,RS,849630701,45
1118,Mary Medill,female,AP,457883844,37
1119,Derek Vossen,male,ES,349335060,27
1120,Rosemarie Flowers,female,ES,928891693,28
1121,Robert Tomlinson,male,RO,137342776,27
1122,Larry Dolan,male,PR,267332859,36
1123,Ebony Mitchell,female,PB,220965952,43
1124,Eduardo Trible,male,DF,759397477,21
1125,Joshua Moore,male,PE,712109772,18
1126,Edward Anderson,male,PE,262716158,46
1127,Crystal Hummer,female,GO,791144337,42
1128,Earl Coffey,male,PR,274404167,50
1129,Germaine Lacy,female,BA,140718994,27
1130,Ronald Biddle,male,BA,079044748,50
1131,Michael Cerda,male,ES,980405058,41
1132,Herbert Weber,male,ES,893542057,49
1133,Ernesto Fletcher,male,AM,029779679,24
1134,Harold Nielsen,male,RJ,558478358,29
1135,Anthony Soler,male,SC,980920658,37
1136,John Gardner,male,SE,599856120,28
1137,Paul Lawson,male,RS,737554897,18
1138,David Schmidt,male,MA,891473587,51
1139,Carmen Wilson,female,RN,779450745,46
1140,Maryann Cloutier,female,PE,722143732,30
1141,Harry Leonard,male,RR,331611149,33
1142,Christopher Brill,male,PE,481757616,49
1143,Dixie Montgomery,female,RS,391189834,46
1144,Emily Scott,female,BA,699116098,19
1145,Tami Pagan,female,AP,192185880,54
1146,Henry Lemon,male,AP,988226158,18
1147,Kami Thompson,female,MG,530898330,47
1148,Florence Haynes,female,PI,666020727,22
1149,Ahmad Reid,male,TO,184702626,23
1150,Cynthia Petty,female,SP,627986461,26
1151,James Wykes,male,ES,607835392,50
1152,Helen Holmes,female,PA,655418334,35
1153,Andrew Bryant,male,MS,724644009,54
1154,Lori Rubinstein,female,MS,318291627,37
1155,Harriet Mccollough,female,PI,248537187,35
1156,Lucinda Jones,female,SE,168119534,46
1157,Robert Craft,male,SE,526386181,16
1158,Kimberley Price,female,SE,350869384,27
1159,Randy Helm,male,TO,905648001,43
1160,Teresa Orlowski,female,AM,735475306,53
1161,Ben Mcdaniel,male,MT,739237000,54
1162,Joyce Moore,female,SP,290974742,47
1163,Brian Logan,male,CE,640450248,50
1164,Lula Brady,female,DF,646795004,50
1165,Charissa Hathaway,female,PA,044829767,34
1166,Jimmie Bruce,male,AL,257040809,39
1167,Michael Austin,male,PB,396079673,29
1168,Ronald Mata,male,PR,072891243,45
1169,Landon Dick,male,BA,469348814,24
1170,Marla Klingensmith,female,SE,720999234,34
1171,Ray Murphy,male,PA,913893603,25
1172,Joann Johnson,female,AC,982721435,51
1173,Frank Norman,male,PB,925250182,46
1174,Hildegard Anderson,female,DF,524829036,40
1175,Shana Smith,female,SC,412457626,45
1176,Sarah Buffum,female,PI,416140915,24
1177,Richard Bedell,male,TO,387441917,39
1178,Nancy Jordan,female,MG,557908796,54
1179,Grace Curtis,female,RR,952222293,38
1180,James Joseph,male,PR,340228454,46
1181,Mariana Leblanc,female,ES,409825028,43
1182,Kristin Mcpherson,female,AP,710817561,54
1183,Nell Taylor,female,AP,896213555,35
1184,Debby Sanborn,female,SP,829395055,25
1185,Julian Couture,male,MS,579729317,29
1186,Sherry Iversen,female,PA,770213320,35
1187,Sally Gary,female,RS,405972175,44
1188,Alva Tonner,male,PE,205481796,26
1189,Dawn Flynn,female,MT,181837457,23
1190,Frances Wilkinson,female,RO,846799195,21
1191,Josephine Lush,female,TO,291747265,27
1192,Alice Wainwright,female,MG,674126937,16
1193,John Smith,male,SP,299098942,45
1194,Patricia Musso,female,SE,645524582,50
1195,Gary Bueche,male,RJ,342776673,33
1196,Brittany Nelson,female,RR,975251468,48
1197,Edward Mcclaine,male,AC,497989125,29
1198,David Comer,male,MT,119416113,33
1199,Lon Hall,male,ES,174548213,50
1200,Pauline Wegner,female,AC,783625460,22
1201,Harold Daniels,male,GO,326149538,25
1202,Elaine Jackson,female,BA,974324397,24
1203,Robert Delbosque,male,PE,831990857,40
1204,Carmelo Clark,male,MG,571438159,27
1205,David Taylor,male,PA,534555208,38
1206,Beverly Rothhaupt,female,RR,045839672,24
1207,Felix Carroll,male,PR,503326114,35
1208,Jesse Green,male,PB,332989589,32
1209,Douglas Middleton,male,MG,378294702,37
1210,Jose Davis,male,RS,310471429,31
1211,Charles Stearns,male,PR,259210124,51
1212,Mary Smith,female,RS,970869080,51
1213,Douglas Coore,male,PI,261864512,28
1214,Adrienne Black,female,RO,282852096,24
1215,Lydia Johnson,female,SP,961886674,26
1216,Mary Atlas,female,AM,380838841,46
1217,Helen Reyes,female,RN,779240528,38
1218,George Roberts,male,AL,106177923,45
1219,Wendy Johnson,female,RS,908079654,40
1220,Chad Zucker,male,PR,128944108,22
1221,Beverly Hernandez,female,TO,166543840,27
1222,Sharon Harrison,female,MS,385440216,49
1223,Caleb Petty,male,PR,095555290,20
1224,Marie Moore,female,RS,937295839,31
1225,David Chobot,male,SE,945491537,22
1226,Barbara Gerner,female,AP,915517084,51
1227,Shelby Sullivan,male,PA,684933165,35
1228,Margeret Rimmer,female,BA,281700736,44
1229,Jose Mcmanus,male,RS,774367366,47
1230,Sean Lightle,male,AP,081450035,16
1231,Sandra Parker,female,RO,814389719,28
1232,Anthony Braxton,male,PA,088856753,30
1233,Josephina Yasutake,female,MG,857108005,47
1234,Ashley Davis,female,RS,262078325,37
1235,Tyrone Roark,male,ES,674938389,32
1236,Dale Burke,male,MT,369988489,25
1237,William Dozier,male,MS,154744771,44
1238,Yvette Huskey,female,RS,688674561,26
1239,Teresa Benson,female,CE,735578077,43
1240,Ted Ritchie,male,AL,745676563,35
1241,Matthew Dyer,male,PB,976189226,22
1242,Raymond Mcintyre,male,PE,886057065,54
1243,Dale Heyman,male,GO,278042461,37
1244,David Medlin,male,MG,501059969,33
1245,James Paquet,male,RO,350272133,49
1246,Charles Ching,male,AL,455126824,37
1247,Hugo Custer,male,CE,744204968,35
1248,Kevin Richardson,male,AM,660443615,49
1249,Robert Broadnax,male,PA,724001675,30
1250,Charles Bullard,male,SP,911928278,21
1251,Carlos Shaffer,male,SC,999089742,38
1252,Frederick Franklin,male,AM,269033292,29
1253,Linda Miller,female,RR,317103653,21
1254,Linda Cameron,female,RR,587184896,16
1255,Willa Collins,female,ES,261274793,41
1256,Melinda Dailey,female,RR,571752631,25
1257,Michael Deck,male,PR,507425908,32
1258,Juan Giddens,male,PR,051512547,52
1259,Perry Brown,male,GO,649659541,43
1260,Juan Hurley,male,GO,971576316,45
1261,Jesus Chow,male,CE,476883604,49
1262,Todd Wilcox,male,RJ,229638185,35
1263,Samuel Green,male,MA,154866833,48
1264,Stephen Bono,male,ES,633487984,34
1265,Christina Jacko,female,PE,741404939,26
1266,Owen Galban,male,GO,448488081,45
1267,Margaret Smith,female,TO,273352551,41
1268,Ernest Price,male,PE,991158852,24
1269,Gary Johnson,male,RR,730613052,24
1270,Susan Gomez,female,AL,590925037,22
1271,Amanda Howard,female,SE,064070028,38
1272,Robert Phelps,male,RN,067208622,40
1273,Paul Whitaker,male,PR,967846717,22
1274,Raquel Kurohara,female,RN,188219661,43
1275,Jacquelynn Palmer,female,AM,746646005,36
1276,William Williams,male,PE,095014506,43
1277,Aaron Roach,male,SP,332441361,24
1278,Jessie Lesneski,female,AM,355661595,30
1279,Mary Neal,female,PR,887006192,26
1280,Samantha Goodwin,female,CE,045867931,35
1281,Lidia Patterson,female,MA,903613124,17
1282,Robert Tarbutton,male,MA,131491725,22
1283,Robert Quezada,male,AP,549574780,16
1284,Dustin Lambert,male,MS,714429640,19
1285,Donna Whitehead,female,AP,740505904,26
1286,Lacey Martinez,female,MT,961779270,54
1287,Polly Russell,female,MG,758923587,26
1288,Rod Miller,male,CE,508408792,29
1289,Donna Rivers,female,AP,261882819,39
1290,Bernadette Robertson,female,RO,039309605,41
1291,Katrina Ramirez,female,RO,186666845,42
1292,Roy Veer,male,AC,751155298,30
1293,Jacquline Bussey,female,ES,315514294,49
1294,Larue Alier,female,MG,542829628,43
1295,Janie Ivy,female,MA,939297928,23
1296,Christine Wegman,female,AP,445074602,49
1297,Enrique Nghe,male,BA,600737149,28
1298,Alexander Jones,male,ES,222560941,16
1299,Kasey Conklin,female,CE,254154951,39
1300,Megan Holder,female,SP,031341246,20
1301,Christopher Whitney,male,PI,248852428,19
1302,Lashunda Klein,female,DF,611939416,17
1303,Alida Gill,female,RR,286397281,24
1304,Bernice Cass,female,PR,335146055,25
1305,Ralph Dorado,male,PR,317530193,45
1306,Trevor Acton,male,PI,149944394,31
1307,Deborah Snow,female,AM,814421412,41
1308,Chris Shipley,male,SC,429259559,49
1309,Steven Greene,male,MA,785265633,46
1310,Elaine Calbert,female,ES,727692120,46
1311,Lois Fletcher,female,AP,308687311,38
1312,Carrol James,female,SE,222220384,52
1313,Mabel Redd,female,MG,724420052,19
1314,Keith Pereira,male,RJ,881836254,48
1315,Shane Cebula,male,TO,057599802,40
1316,Penny Graham,female,RS,787467823,31
1317,William Pratt,male,SE,930747245,31
1318,Breanna Carter,female,PE,669453801,41
1319,Anna Pearson,female,SC,678788103,30
1320,Jesus Krueger,male,RO,204054665,39
1321,Jeffrey Orr,male,AM,891965380,26
1322,Eddy Shrader,male,SC,742911438,30
1323,Arthur Tolliver,male,ES,447985778,51
1324,Mike Haraway,male,SP,618059247,45
1325,Eliza Bonds,female,MT,441851529,53
1326,Sheena Daniel,female,RN,442286519,34
1327,Shannon Ramos,female,AM,720897775,49
1328,Sue Berardi,female,ES,320549147,51
1329,Linda Harris,female,ES,644171851,29
1330,Carl Gonzalez,male,PE,120129505,49
1331,Jason Arnold,male,SE,866677664,50
1332,Elva Turner,female,TO,869108847,16
1333,Ronald Goble,male,BA,952538386,18
1334,Karen Hollins,female,BA,300332854,18
1335,Brandon Mercado,male,AM,928994864,44
1336,Joseph Clemons,male,AC,181793919,20
1337,James Barclay,male,GO,929007974,31
1338,Catherine Tan,female,ES,879750060,38
1339,Katherine Holmes,female,PI,642704349,31
1340,Fred Sutherland,male,SP,364840673,23
1341,Anna Washington,female,MS,474925422,44
1342,Nathan Henrickson,male,MT,860542774,20
1343,Shirley Jeffery,female,GO,318610734,36
1344,Cory Jordan,male,RS,532204566,26
1345,Janet Hayden,female,SE,964429503,19
1346,Rogelio Bullock,male,PI,873551808,47
1347,Sarah Benedetti,female,AL,904826611,28
1348,Jessie Shannon,male,AL,132204576,26
1349,Linda Holley,female,TO,797614669,51
1350,Amanda Slaughter,female,PI,099403180,46
1351,Melanie Potter,female,RN,615718837,17
1352,Janie Campbell,female,RN,025162613,39
1353,Deborah Roman,female,GO,564358250,47
1354,Scott Cash,male,AM,446363864,53
1355,Dean Wages,male,AP,995579086,30
1356,Richard Kaauamo,male,MA,832636880,23
1357,Derrick Cooper,male,TO,393964672,16
1358,Keith Burton,male,GO,432845088,37
1359,Barbara Pope,female,RR,161347885,17
1360,Steven Cox,male,AC,521847548,35
1361,Joyce Ali,female,RS,603403709,28
1362,Nancy Myers,female,PE,857011433,20
1363,Claire Golding,female,BA,416363522,51
1364,Sharon Crane,female,RJ,401266301,20
1365,Jean Fitzgerald,female,GO,059331641,33
1366,Patty Park,female,RS,156990923,47
1367,Luciana Howard,female,SE,877144861,21
1368,Emma Graham,female,PE,582003511,23
1369,Irvin Vasquez,male,MS,473096915,39
1370,Marie Carr,female,PE,470748120,28
1371,Penelope Bass,female,PI,902037869,33
1372,Charles Hart,male,PA,862128151,44
1373,James Renfrow,male,PB,945599003,49
1374,Gertrude Pale,female,AL,767233967,24
1375,Dorothy Kelly,female,RJ,731057859,44
1376,Lora Smith,female,CE,127418991,38
1377,Marsha Fuller,female,MG,796547443,30
1378,John Clement,male,SP,154535976,41
1379,Felicia Jones,female,SE,784894323,50
1380,Allison Stevens,female,AL,538979433,28
1381,Vivian Frazier,female,SP,267004461,52
1382,Robert Schroder,male,RO,771860710,37
1383,Lisa Barrows,female,PA,217676969,20
1384,Nancy Schreiner,female,MT,643711809,53
1385,Luis Sheller,male,BA,872762954,30
1386,Joseph Oconnor,male,PA,698691836,24
1387,Elizabeth Hook,female,RO,920541614,21
1388,Andrea Wiglesworth,female,RS,797384448,34
1389,Tamika Hall,female,TO,153054782,43
1390,Mark Jones,male,CE,106796978,22
1391,Amanda Poore,female,ES,124704920,51
1392,Carla Rierson,female,RO,620967194,42
1393,Deirdre Causey,female,SE,124721714,33
1394,Gary Herms,male,GO,993001970,31
1395,Randolph Shupe,male,MS,309897990,52
1396,Maria Curry,female,AC,656837423,23
1397,Timothy Miller,male,AP,520595669,35
1398,Elsa Rueluas,female,PI,261805408,32
1399,Karla Ballou,female,RO,643851409,47
1400,Carl Kiffer,male,MT,992509681,25
1401,Wendy Garrett,female,PA,239168707,34
1402,Donna Wickstrom,female,DF,271872766,51
1403,Lavern Vickers,male,RO,425733926,34
1404,Walter Mitchell,male,PB,323887193,40
1405,Juan Wilson,male,AL,058473252,43
1406,Howard Anderson,male,SE,305166335,39
1407,Gene Smith,female,MS,379566030,41
1408,Rebecca Berri,female,PR,950051451,23
1409,Shannon Krawiec,female,AL,864612684,31
1410,Kim Brown,male,RJ,065258812,22
1411,Steve Mccoy,male,RN,790262887,16
1412,Cecilia Bartels,female,PI,667230201,48
1413,Rebecca Gilliard,female,BA,613795558,38
1414,Lydia Sedgwick,female,AM,370130867,30
1415,Edward Wiest,male,MT,663627044,19
1416,Sarah Moses,female,DF,931005127,27
1417,Lloyd Pacheco,male,MA,952309456,54
1418,Marco Hunt,male,SP,651363178,21
1419,Lena Brooks,female,RS,330218058,42
1420,Mandi Acosta,female,TO,552022980,51
1421,Richard Cummins,male,GO,977793693,17
1422,Donna Epling,female,MA,259460552,28
1423,Luella Jefferson,female,PI,215376893,44
1424,Tiffany Singleton,female,AP,314488461,27
1425,Seth West,male,PA,767578480,28
1426,Margaret Adcock,female,MA,507403590,17
1427,Byron Malone,male,RO,541692996,32
1428,Yvette Campbell,female,PA,255099244,49
1429,Elvin Buchanan,male,AP,695971251,44
1430,Martin Helfritz,male,AC,749194460,36
1431,Adrienne Filipponi,female,PB,145758975,52
1432,Betty Mcelroy,female,MS,209045829,42
1433,Patty Aslam,female,ES,350360512,21
1434,Ada Olivarez,female,CE,818029905,18
1435,Charlene Joseph,female,DF,792651553,52
1436,Allene Brown,female,CE,558190551,32
1437,John Vazquez,male,PE,765970645,27
1438,Yolanda Epperson,female,AP,056406109,26
1439,Marlene Johnson,female,RS,748665549,28
1440,John Osei,male,SC,059651480,27
1441,Ashley Binder,female,DF,495565693,46
1442,Jessica Miller,female,PR,466501145,33
1443,Sharon Houghtaling,female,CE,325327516,27
1444,Cindy Miller,female,DF,673927435,42
1445,Jose Campbell,male,ES,299138899,50
1446,Michael Spring,male,AP,501220815,45
1447,Curtis Igel,male,MG,611048233,41
1448,Julie Herrera,female,RJ,424047262,49
1449,Edwin Schultz,male,PI,901983885,54
1450,Earnest Cirillo,male,PE,016661823,49
1451,Heather Rigby,female,MS,859232622,19
1452,Rita Rothenberg,female,MG,730649164,31
1453,Jason Cornwell,male,RN,915154424,42
1454,Jesus Henson,male,AM,334159870,42
1455,Delta Calaf,female,AL,262818405,48
1456,Margaret Sargent,female,MG,511287026,29
1457,Dale Minder,male,AM,824386120,42
1458,Sarah Anderson,female,RJ,912326804,17
1459,Teddy Fry,male,PA,160841472,47
1460,Matthew Bissell,male,RS,540801962,25
1461,Tina Bell,female,AL,120724586,38
1462,Angela Loza,female,GO,035200119,39
1463,Alma Hurt,female,PI,298129124,37
1464,Patrick Best,male,TO,682310345,39
1465,Edward Ogrodowicz,male,DF,949215859,40
1466,Ray Evans,male,SE,757311370,32
1467,Robert Rodriguez,male,AP,388673902,19
1468,Margaret Brown,female,RS,181165795,51
1469,Edna Kurtz,female,ES,908949449,41
1470,Eugene Chalepah,male,RJ,962060579,45
1471,Adam Buzard,male,SP,900914617,22
1472,Dolores Beeson,female,MA,202165922,38
1473,Betty Brooks,female,RJ,328312173,44
1474,George Hyman,male,DF,138009472,27
1475,Nell Hill,female,PE,694403328,29
1476,Luke Myers,male,MS,898277836,39
1477,Don Welsh,male,RN,689420566,27
1478,William Bailey,male,AL,449937758,36
1479,Marcia Mitchell,female,DF,328009629,38
1480,Charles Hinkle,male,MA,919388211,32
1481,Helen Biscoe,female,AL,789846360,40
1482,Lynnette Allaire,female,AL,675916549,24
1483,Ella Griffin,female,PA,971024249,18
1484,Hugh Moore,male,AM,955523787,37
1485,Annie Franco,female,TO,104196295,17
1486,Addie Sulik,female,RJ,647431856,34
1487,David Marcum,male,DF,734285959,38
1488,Patricia Baker,female,RR,449998068,47
1489,Raymond Bowen,male,PE,624559468,39
1490,Esperanza Gomez,female,AM,443135158,37
1491,Dale White,male,DF,432702488,23
1492,Alicia Wheeler,female,SP,202385595,41
1493,James Allison,male,MT,320948875,49
1494,Carolyn Davis,female,PI,264634088,40
1495,Valarie Ball,female,BA,274236360,49
1496,Thomas Welch,male,MT,463446751,41
1497,John Mills,male,CE,354547646,31
1498,Simon Dixon,male,SE,284445620,20
1499,Rose Shull,female,AC,824365793,43
1500,Judith Crews,female,TO,281744936,40
1501,Daniel Hays,male,AP,902909842,33
1502,Joshua Polster,male,PA,836771180,40
1503,William Leonard,male,RN,136184354,22
1504,Serina Hoage,female,RO,465146431,34
1505,William Tovar,male,RJ,718867617,20
1506,Jewel Strickland,female,BA,619438919,29
1507,Ellen Dean,female,SE,185724447,33
1508,Ruth Crampton,female,MG,540996619,20
1509,Peter Lambert,male,PB,286952626,49
1510,Patrick Cilek,male,RS,768410062,48
1511,Adelaida Litzau,female,MS,421333821,22
1512,Peter Malott,male,MT,434309891,23
1513,Amy Mcgee,female,ES,557983937,47
1514,Claudia Hurlbut,female,AC,244566434,35
1515,Carmela Thomas,female,RO,236429465,30
1516,Wesley Brown,male,RS,497289970,38
1517,Anthony Boyd,male,MA,028396043,19
1518,David Boshart,male,AP,670349916,54
1519,William Browning,male,SC,690643386,33
1520,Carol Davis,female,CE,965054718,26
1521,Willia Graig,female,RJ,851333701,44
1522,Deborah Love,female,RR,406066668,29
1523,Heather Coleman,female,AP,377196508,19
1524,Earl Guzman,male,SC,966792121,25
1525,Mavis Toland,female,RN,748004450,23
1526,Michael Blakney,male,PA,030404388,44
1527,Claire Williams,female,AP,843025565,47
1528,Richard Leatherwood,male,AL,827827975,28
1529,Robert White,male,MS,320291099,19
1530,Catherine Madril,female,RR,772868835,51
1531,Edward Byford,male,SC,203159854,40
1532,Jamie Jackman,female,PE,838370971,38
1533,Rosa Brown,female,PI,318566511,18
1534,Dustin Gillett,male,DF,951918341,39
1535,William Pyles,male,BA,924930857,18
1536,Alicia Caples,female,SE,964376566,53
1537,Edwin Grooms,male,RJ,474753893,32
1538,Ellen White,female,PR,240216889,34
1539,Darrell Jones,male,SP,977354342,17
1540,Teresa Foley,female,SP,976109380,50
1541,Carolyn Hinton,female,DF,209276380,30
1542,Dona Mcfarland,female,SC,187356505,52
1543,Glenn Robinson,male,DF,923581082,26
1544,Eleanor Loveall,female,PI,421352416,54
1545,Louise Carter,female,PA,796664244,47
1546,Dolores Williams,female,AL,228286501,53
1547,David Thomas,male,PA,457195908,52
1548,Paul Chambers,male,AM,559806981,32
1549,William Tan,male,MA,532555989,19
1550,Carol Stewart,female,RS,885171826,18
1551,Linda Watson,female,BA,238026632,31
1552,Levi Curtis,male,AC,709612539,42
1553,Vickie Hart,female,ES,392716199,18
1554,Margaret Jankowski,female,RN,618187119,38
1555,Aaron March,male,RJ,403718889,27
1556,Paula Orcutt,female,DF,184092569,24
1557,Ursula Leavell,female,PE,397237601,18
1558,Thomas Thompson,male,MA,699391681,18
1559,Samantha Longhini,female,TO,747005128,18
1560,James Travelstead,male,GO,381415871,54
1561,Carl Horton,male,RR,063249942,45
1562,Karen Allen,female,MG,434581627,24
1563,Josh Ikeda,male,AP,832310978,20
1564,Tammy Howard,female,MG,958783278,17
1565,Angel Blain,male,MT,527703185,38
1566,Michael Castellanos,male,RS,413051662,50
1567,Jeffrey Oliverio,male,RJ,743975116,45
1568,John Mccord,male,BA,084183548,29
1569,Mark Eligio,male,MT,554007002,43
1570,Yvonne Hill,female,RR,634421810,50
1571,Michael Grossman,male,BA,240315025,41
1572,Clare Jones,female,PA,842137756,23
1573,Frankie Evans,female,RJ,928552783,33
1574,Rhett Weiss,male,RS,576663741,36
1575,Kenneth Jenkins,male,SC,742365917,31
1576,Derrick Chester,male,PB,281609739,33
1577,Willie Ellwanger,male,AC,562882973,41
1578,Patricia Mcferren,female,RO,959812351,29
1579,Albert Davis,male,MG,888119510,48
1580,Charles Huck,male,PI,121565571,41
1581,Burt Kraft,male,CE,212860323,46
1582,Elinor Gates,female,PI,620767689,28
1583,Colin Tunney,male,MG,884078853,27
1584,Kenneth Schneider,male,AM,553486789,45
1585,Nicole Allred,female,SP,742331043,45
1586,Daniel Enz,male,BA,602478321,27
1587,Julie Gibbons,female,TO,301796360,32
1588,Edward Kook,male,ES,661690235,19
1589,Kyle Workman,male,RO,001816385,19
1590,Richard Gonzalez,male,SP,209570189,23
1591,Brent Shininger,male,PE,177543600,48
1592,Vera Singer,female,AC,187638041,19
1593,Ashley Tapper,female,AM,860176891,35
1594,Yvonne Giffin,female,AM,406806453,28
1595,Babara Strackbein,female,PI,490973597,40
1596,Sarah Sikorski,female,PI,503551263,37
1597,Vanessa Forrest,female,CE,093523345,18
1598,Marie Brun,female,SP,770720352,41
1599,Ivette Worsham,female,SC,943239255,50
1600,Connie Wilson,female,MG,318326054,52
1601,James Lacefield,male,RS,822820081,28
1602,Patricia Smith,female,BA,780724116,41
1603,Sherri Williams,female,AM,140663753,38
1604,Shannon Hale,female,AC,793650715,40
1605,Phyllis Turner,female,DF,940232766,24
1606,Iris Dobbins,female,DF,734493744,18
1607,Cliff Lheureux,male,SC,070284533,25
1608,Retta Young,female,PR,968524830,46
1609,Matt Charest,male,RS,655447838,17
1610,John Evans,male,ES,797098756,36
1611,David Ensor,male,MA,636170188,41
1612,Thomas Clay,male,GO,228751878,23
1613,Joseph Whatley,male,TO,901070353,40
1614,Ronnie Smith,male,SP,585857183,35
1615,Justin Reece,male,RN,058261424,24
1616,Joshua Gibbs,male,SP,945378197,49
1617,Carol Lelacheur,female,TO,301270255,35
1618,Esperanza Healey,female,MS,986480580,53
1619,Janette Prior,female,RN,992601487,50
1620,Marion Strunk,female,SE,704658971,41
1621,Micheal Davis,male,ES,506573374,21
1622,Gary Perez,male,PI,139088785,29
1623,Randy Risch,male,RR,061726168,53
1624,David Pannell,male,RO,680545067,29
1625,Andrew Trias,male,RO,093361809,33
1626,Arlene Burchard,female,MT,413765020,25
1627,Ruth Crandall,female,RJ,831532977,42
1628,Buddy Zhao,male,MG,652864468,53
1629,Lena Melena,female,SC,960178399,36
1630,Doris Warren,female,DF,651258932,50
1631,Lauren Mainella,female,RR,372783856,43
1632,Richard Moyers,male,AC,689679428,18
1633,Sharon Greenleaf,female,MA,308391959,46
1634,Robert Sage,male,AL,511622323,49
1635,Faye Courtney,female,RN,532142614,16
1636,Juanita Bradley,female,DF,995478052,30
1637,Martha Kolasinski,female,ES,379746616,28
1638,Fernando Newby,male,RS,152726696,19
1639,Rochelle Rodriguez,female,RR,200115326,44
1640,Henry Baker,male,RO,858497680,29
1641,Margaret Strauss,female,PI,490870355,24
1642,Willard Bottoms,male,RN,272593724,25
1643,Mary Dattilo,female,SC,105661638,34
1644,Larry Brooks,male,BA,644283085,32
1645,Amanda Delagarza,female,AL,791910237,51
1646,Kevin Morse,male,MT,236425395,41
1647,Joseph Ellenberger,male,PB,529747814,41
1648,Janella Williams,female,PB,153078534,42
1649,Dora Carpenter,female,PR,686827352,49
1650,Patsy Harris,female,RR,428564606,33
1651,Andrew Parker,male,PR,774482561,25
1652,Robert Stewart,male,PI,300877247,19
1653,Crystal Carroll,female,PR,760046895,35
1654,Matthew Lee,male,AM,290844262,45
1655,Sophie Burgess,female,PA,860642380,35
1656,Bradly Allen,male,RN,774582737,17
1657,Michael Morton,male,SP,761523812,33
1658,Allan Williams,male,PA,357786532,47
1659,Veronica Craven,female,MS,573340158,31
1660,David Herrin,male,DF,762625501,38
1661,Eleanor Genco,female,MT,910168977,18
1662,Sarah Braun,female,MG,757906417,16
1663,Amy Brass,female,BA,525001870,24
1664,Zona Beaupre,female,TO,376464349,40
1665,Steve Dickerson,male,GO,058642229,40
1666,Linda Somma,female,SC,041182571,34
1667,Janice Ray,female,AC,101246112,37
1668,Jamie Cline,female,BA,145797243,48
1669,Gertrude Moore,female,MA,695934944,28
1670,Cecelia Burnette,female,MT,129790787,47
1671,Judy Geiger,female,PR,004206393,20
1672,John Vanhoose,male,AL,642218286,18
1673,Edwin Watts,male,SC,477683243,49
1674,Ronald Lane,male,DF,787311902,51
1675,Eliana Murray,female,MA,457813425,23
1676,Harvey Lara,male,AC,031893181,52
1677,Mary Abercrombie,female,AM,852156227,47
1678,Rosemary Welty,female,MT,633344552,29
1679,David Lynch,male,TO,888429404,47
1680,Nancy Catanzaro,female,RN,049124080,41
1681,John Amaral,male,PA,273483236,51
1682,Christina Bermeo,female,SC,716572811,52
1683,Jarred Gifford,male,PI,132419048,29
1684,Jose Workman,male,ES,154586432,34
1685,Jack Savoy,male,MG,591279892,20
1686,William Bowdre,male,RJ,463939123,32
1687,Dustin Cardona,male,AM,217987091,45
1688,Denise Moore,female,AM,547718298,32
1689,Barbara Montgomery,female,SE,050821425,48
1690,Joe Rojas,male,AM,328826184,20
1691,Cheryl Stephens,female,MG,116191301,20
1692,Thomas Curry,male,RJ,648172645,44
1693,Jesse Myers,male,SP,780942520,29
1694,Gary Hairston,male,PE,283278522,33
1695,Heidi Fulmer,female,PE,131163196,51
1696,Eddie Coan,female,MT,813203298,40
1697,Michael Purnell,male,SE,992600677,35
1698,Eric Scheetz,male,AM,155225700,47
1699,Rachel Durham,female,SC,092824468,25
1700,Jessica Wolstenholme,female,RN,764072658,24
1701,Pedro Giles,male,MG,916674610,45
1702,Jamie Berry,female,AM,718860042,21
1703,Curtis Weems,male,MT,830158289,52
1704,Donald James,male,MS,593294818,22
1705,Edith Frazer,female,AP,065039233,16
1706,Ramon Harrell,male,RJ,494917004,44
1707,Sheryl Crosby,female,DF,728285573,17
1708,John Rogers,male,DF,604761087,21
1709,Gail Troupe,female,RS,567401647,27
1710,Mary Petitt,female,ES,899626987,25
1711,Francis Barlow,male,AL,163567482,33
1712,Christopher Reed,male,RJ,333353785,44
1713,Elizabeth Aliberti,female,TO,794381265,41
1714,Vicky Ortiz,female,SC,904357103,23
1715,Karen Riblett,female,SC,771699354,18
1716,James Robinson,male,ES,395208005,37
1717,Shannon Hollendonner,female,CE,693632610,25
1718,Frankie Smith,female,MS,593125618,33
1719,Howard Mcdaniel,male,AM,328789443,22
1720,Sharon Haviland,female,MS,355591419,40
1721,Michell Davenport,female,MS,494254878,18
1722,Scott Hurd,male,TO,316484094,42
1723,Felix Schaeffer,male,CE,667237886,25
1724,Grace Crowe,female,TO,564864940,27
1725,Edwin Curran,male,AC,448601158,36
1726,Alfred Marroguin,male,AL,057557133,16
1727,Edward Bryan,male,SC,689385380,46
1728,Michael Jones,male,MT,157320635,47
1729,Hazel Muni,female,RO,457004262,26
1730,Robert Ventura,male,PE,680173872,46
1731,Douglas Garson,male,RO,494789791,17
1732,Candice Oneal,female,PI,666428230,50
1733,Anthony Gallagher,male,AC,802478237,25
1734,Tommie Hall,female,BA,312798171,16
1735,Janice Pennington,female,BA,712635021,53
1736,Jesus Travis,male,MS,415237429,37
1737,Donald Sanders,male,RO,704643882,23
1738,Lynn Smith,female,AM,274258246,18
1739,Tarsha Ratliff,female,RS,360382096,52
1740,Kevin Saavedra,male,SP,869098441,28
1741,Louis Nalley,male,RO,151668265,24
1742,Marc Lavin,male,RS,370065312,45
1743,Kraig Miller,male,CE,762547461,41
1744,Theodore Wilson,male,AP,550391642,47
1745,Willie Kennedy,male,PR,007433187,49
1746,James Nash,male,AL,610261649,54
1747,Teresa Toledo,female,RS,999063479,54
1748,Anthony Kriese,male,PA,669313448,45
1749,Sarah Browning,female,RJ,740509795,18
1750,Lee Mccracken,male,PB,943810714,53
1751,Holly Kennedy,female,MT,615886370,47
1752,Isaac Schiller,male,RJ,556293124,50
1753,Lawrence Hein,male,RR,463518903,44
1754,Sean Richardson,male,DF,069047522,45
1755,Rose Marsaw,female,PI,609746000,38
1756,Josephine Luna,female,RJ,390140912,43
1757,Deena Littlefield,female,SE,488497039,49
1758,Brian Scott,male,RN,428556903,20
1759,Gwen Goodman,female,SE,376644981,47
1760,Vivian Brown,female,TO,707957786,27
1761,Greg Prewitt,male,RJ,903944295,45
1762,Bryant Bousquet,male,RR,163281271,28
1763,Robin Brunner,female,BA,595389568,19
1764,Ron Coley,male,MS,694138372,36
1765,Barry Watson,male,SP,765287223,32
1766,Carolyn Mabry,female,MS,290331704,51
1767,Tamela Christman,female,AP,054312207,36
1768,John Valdes,male,AM,450465427,44
1769,Ellen Coleman,female,BA,817286936,19
1770,Megan Boehle,female,SC,846226533,48
1771,Don Alvarez,male,MA,215003572,49
1772,Bobbie Tucker,female,AM,169066540,44
1773,Tia Murphy,female,MT,774239906,49
1774,Travis Keith,male,MS,307134530,50
1775,Alan Jackson,male,AC,257749516,34
1776,William Hernandez,male,PI,838991106,42
1777,Cheryl Cook,female,BA,591522991,29
1778,Renee Martin,female,TO,935114254,19
1779,Robert Croteau,male,SP,278650542,52
1780,Jennifer Marine,female,SC,131015409,39
1781,William Engle,male,MT,126070560,53
1782,Nathan Norton,male,BA,832897427,23
1783,Franklin Xiong,male,RO,337131582,49
1784,Edward Matuszewski,male,RR,835995072,23
1785,Amber Fucci,female,PE,877912038,33
1786,Jesse Levesque,male,RS,624806980,51
1787,Robin Greenley,female,BA,043994919,44
1788,Enrique Turner,male,CE,935117600,28
1789,Robert Li,male,MG,159376886,27
1790,Thomas Hudson,male,RN,245064285,36
1791,Billie Hogarth,male,MG,002479488,54
1792,Kelly Jones,female,TO,296167920,40
1793,Thomas Witte,male,RO,586878462,30
1794,Cliff Arnold,male,RO,644619071,27
1795,Patti Warfield,female,AC,224809299,44
1796,Robert Polley,male,MG,208591546,22
1797,Douglas Williams,male,RO,589390738,52
1798,Robert King,male,DF,528176730,45
1799,Jean Kawachi,female,AL,637832829,42
1800,Peggy Crane,female,PB,944494366,32
1801,Mary Miller,female,MA,214602868,51
1802,David Burrell,male,PI,275965642,52
1803,Marjorie Pratt,female,RJ,908292664,28
1804,Charles Jeffries,male,RS,765625185,43
1805,Mindi Baylor,female,ES,763901219,43
1806,Lillie Mims,female,RR,606852715,39
1807,Patricia Garcia,female,PA,506168956,23
1808,Viola Adkins,female,SP,741594802,44
1809,Barbara Farmer,female,AM,019331643,47
1810,Christine Brumit,female,AP,932261600,21
1811,Melissa Scott,female,AP,797312065,32
1812,John Kubik,male,CE,098529764,52
1813,Timothy Donze,male,DF,326655359,24
1814,Roy Stout,male,AP,355656862,21
1815,Dorris Keaton,female,MS,698464785,48
1816,Gigi Vasquez,female,RO,606683364,23
1817,Todd Dahl,male,PA,732018921,25
1818,Ruth Kells,female,RO,796102531,51
1819,Joseph Parrish,male,RN,522854221,49
1820,Derrick Elliott,male,AL,608177394,35
1821,Robert Mason,male,MG,640611225,52
1822,Evelyn Moore,female,ES,846046952,30
1823,Jason Shroyer,male,MS,750932332,37
1824,Sara Garrett,female,AP,215448998,40
1825,Manuel Ramirez,male,RO,664049185,46
1826,Patricia Sullivan,female,PA,107453811,22
1827,Timothy Peterson,male,RJ,348206728,41
1828,Devon Heard,female,AP,356002582,30
1829,Shamika Ly,female,PA,809430958,29
1830,Jason Ray,male,PA,628394820,21
1831,Virginia Madrigal,female,AC,065446730,45
1832,Jared Mcdaniel,male,RR,793071179,53
1833,Mary Hemenway,female,AP,432087014,26
1834,Timothy Antoine,male,RJ,865623964,30
1835,Aaron Dewitt,male,DF,856760685,16
1836,Ruth Hale,female,BA,621667483,52
1837,Roy King,male,AP,892041166,45
1838,Emily Fields,female,MS,574914698,54
1839,Mary Cropsey,female,RR,974946207,22
1840,Tammy Watts,female,AL,486074709,22
1841,Helen Shifflett,female,PE,615762977,30
1842,Linda Thompson,female,MG,311572174,42
1843,Winifred Wild,female,SE,355926215,32
1844,Vida Wooley,female,AM,845025376,36
1845,Joel Ashmore,male,MA,659320130,41
1846,Anthony Botz,male,RO,529305167,44
1847,Robert Mccartney,male,AL,613720038,25
1848,Johana Sprinkel,female,MG,922809377,40
1849,Tiffany Fernandez,female,AL,555760168,16
1850,Joseph Schwartz,male,MS,197124947,19
1851,John Cooke,male,MG,472111574,41
1852,Gloria Greenhouse,female,AM,351999551,23
1853,John Cody,male,RO,382568973,45
1854,Charley Covarrubias,male,AP,712040709,38
1855,Kathleen Lynch,female,MG,345568265,39
1856,Doris Arcuri,female,DF,245376422,39
1857,Jerry Evans,male,PI,349366578,38
1858,Gail Campbell,female,RO,818093171,41
1859,Mathew Cawthon,male,PI,507853220,51
1860,Jane Jones,female,ES,058968435,23
1861,Chester Wright,male,RS,013208727,18
1862,Francisco Broadbent,male,DF,187278943,33
1863,Erin Setters,female,PB,603516604,17
1864,Jeffrey Braziel,male,SP,573498754,30
1865,Charles Harden,male,PR,903232468,54
1866,Wilfredo Lemieux,male,DF,056173120,18
1867,Bruce Lewis,male,SE,124119605,53
1868,Jeannine Johnson,female,SP,327359343,44
1869,Elizabeth Young,female,RO,138503733,46
1870,Julie Dixon,female,SC,600262748,25
1871,Cedric Mason,male,PR,738646262,28
1872,Geraldine Kerrigan,female,SP,006455141,33
1873,Marilyn Gardner,female,SC,031955079,39
1874,Charles Moore,male,SC,064700682,46
1875,John Robichaux,male,RN,966031157,44
1876,Michael White,male,RJ,822816701,37
1877,Lawrence Morquecho,male,AP,608616314,39
1878,John Durfee,male,RR,791016546,28
1879,Joey Heller,male,RJ,961260706,18
1880,Brian Preston,male,MS,242179250,26
1881,Robert Moritz,male,RR,908333898,26
1882,Jeremiah Finley,male,TO,677919201,33
1883,Grace Andress,female,SP,936377596,32
1884,Martha Lesnick,female,PR,583141068,38
1885,Kylie Dobbs,female,MS,575009055,47
1886,Kandy Dougherty,female,SC,491164887,20
1887,Paul Grimes,male,SP,434383268,39
1888,Shaun Hoekstra,male,RS,444774992,45
1889,Randall Richardson,male,PI,180075871,41
1890,Gina Aronoff,female,BA,062330193,51
1891,Mary Dickow,female,DF,109698805,39
1892,Betsy Morrow,female,PB,393304223,19
1893,Rebecca Justice,female,RR,672440900,33
1894,Penelope King,female,GO,902815575,19
1895,Johnson Walston,male,SE,836359926,33
1896,John Graham,male,PI,589084499,27
1897,Lillian Johnston,female,RN,016947617,38
1898,Daria Hungerford,female,PE,324386891,36
1899,Bertha Potter,female,ES,149458381,30
1900,Ward Scheffler,male,AM,218994935,17
1901,Paula Hunt,female,RS,235099960,28
1902,Joel Peters,male,MG,499622412,50
1903,Robert Poe,male,RR,480667764,51
1904,William Cart,male,RS,132382057,35
1905,Lauren Evans,female,PE,353917482,41
1906,Lidia Muros,female,PE,586241836,48
1907,Chin Abadie,female,SE,853431208,41
1908,Stella Dixon,female,ES,526840260,44
1909,Josh Snell,male,CE,246579545,25
1910,Laura Jagers,female,MT,885532884,41
1911,Kathy Johnson,female,AL,701570296,28
1912,Diana Westling,female,RJ,744013026,26
1913,Louie Quinter,male,AL,826978449,44
1914,Frances Lajoie,female,ES,031147059,50
1915,Ramon Smiechowski,male,SC,048318975,44
1916,John Shelton,male,SC,969443120,23
1917,Daniel Dininno,male,PI,948529890,24
1918,Deborah Previte,female,AP,456402173,32
1919,Nathan Kavanagh,male,RR,517011474,24
1920,Susan Kyger,female,TO,998120565,22
1921,Sonya Duchesne,female,PA,721065304,42
1922,Roger Babin,male,MA,766355603,30
1923,Mona Thurman,female,RS,842489411,31
1924,Andrew Rosa,male,SE,933462403,19
1925,William Harris,male,AL,962137733,44
1926,Shawn Diaz,male,AL,635066435,16
1927,Marcus Roy,male,MG,915747539,18
1928,Kathleen Bacon,female,MT,727766885,46
1929,Fernando Garrett,male,AC,001232900,23
1930,Tawana Sampson,female,AM,820645647,29
1931,Martin Miller,male,CE,987197468,29
1932,Kim Summers,male,PR,169960886,48
1933,Bradford Sanders,male,PE,277900089,42
1934,Randy Griffin,male,SE,929787684,41
1935,Jan Zwolinski,female,TO,855534928,17
1936,John Sandoval,male,RO,186929182,33
1937,Kristen Sawyer,female,AL,418259811,20
1938,Annette Mccartt,female,AL,204952140,53
1939,Theresa Hale,female,PB,918262335,46
1940,Carl Breedlove,male,MA,864121456,25
1941,Thomas Trent,male,SE,689373965,32
1942,Joyce Miller,female,BA,062945493,29
1943,James Mcmullen,male,PI,464230157,28
1944,Stephanie Reese,female,AL,123705083,45
1945,Lloyd Pruitt,male,PA,157775596,23
1946,Joseph Cruz,male,PR,913219744,35
1947,Robin Lai,female,GO,168517201,52
1948,Sylvia Murphy,female,SC,450115426,34
1949,Curtis Magee,male,AL,137295154,47
1950,Shery Koonce,female,SC,787758032,20
1951,Mary Simmons,female,RR,910194043,17
1952,Stephen Harding,male,PI,637757698,16
1953,Taryn Streiff,female,ES,945694444,44
1954,Catherine Jones,female,PA,036909383,35
1955,Gilbert Harris,male,MA,456185052,26
1956,Ester Wells,female,DF,747449735,25
1957,Emily Vance,female,RO,030311839,16
1958,Matthew Marin,male,TO,586216521,21
1959,Willie Colbert,male,SP,566977671,21
1960,Betty Race,female,AC,490005279,46
1961,Lucy Sandoval,female,PI,711248930,49
1962,Marvin Placha,male,PR,597088310,20
1963,Jessie Bishop,female,RJ,681476096,52
1964,Howard Smith,male,SP,672212650,45
1965,Denise Beebe,female,RO,909599323,46
1966,Scott Swarr,male,BA,254349248,20
1967,Margaret Beattie,female,SE,694994288,43
1968,Margaret Cainne,female,DF,262586128,24
1969,Margaret Pennington,female,SP,640431178,48
1970,Patricia Floyd,female,AM,328823384,41
1971,Amanda Evans,female,DF,027736490,29
1972,Ryan Glidden,male,CE,984616721,33
1973,Cindy Whelan,female,GO,933234144,24
1974,Louis Graham,male,PI,572267009,35
1975,Kristin Macqueen,female,MT,219979795,44
1976,Nancy Diamond,female,PI,253968073,32
1977,Debra Hickman,female,GO,132259190,27
1978,Adrian Marsden,male,PR,706746608,22
1979,Dimple Gaters,female,RR,748513474,25
1980,Lillie Moore,female,SE,427326805,16
1981,Robert Cohen,male,ES,480341444,22
1982,Raul Dreessen,male,RS,961376865,28
1983,Josephine Narain,female,PA,474589768,20
1984,Mammie Gales,female,AP,405284230,51
1985,Tara Ratliff,female,RN,566467355,50
1986,Rebecca Mask,female,RN,068895733,25
1987,Kenneth Riddle,male,BA,430922354,27
1988,Rosa Martin,female,MS,118719714,22
1989,Carl Siefert,male,PE,721882785,36
1990,Linda Garnett,female,PI,721221760,41
1991,Chad Dunkle,male,RN,780651873,50
1992,Judy Macareno,female,GO,251986624,35
1993,Carrie Lawton,female,SE,797099977,45
1994,Cathey Sampieri,female,DF,614306203,26
1995,John Driggers,male,PI,300484488,26
1996,Ana Murray,female,AL,895605141,40
1997,Mary Church,female,BA,765378001,54
1998,Susan Hively,female,BA,563475918,36
1999,Maria Fant,female,AL,342308514,35
